tiempo;vision x;vision y;tipo estimulo A;tipo estimulo B;tipo estimulo C;AX;AY;BX;BY;CX;CY;recargando?;municion
0,0000;1634;54;Ninguno;Ninguno;Ninguno;-1;-1;-1;-1;-1;-1;False;100
0,0200;1532;138;Ninguno;Ninguno;Ninguno;-1;-1;-1;-1;-1;-1;False;0
0,1410;1518;131;Ninguno;Ninguno;Ninguno;-1;-1;-1;-1;-1;-1;False;0
0,2123;1518;131;Ninguno;Ninguno;Ninguno;-1;-1;-1;-1;-1;-1;False;0
0,3408;1021;632;Ninguno;Ninguno;Ninguno;-1;-1;-1;-1;-1;-1;False;0
0,4690;987;647;Ninguno;Ninguno;Ninguno;-1;-1;-1;-1;-1;-1;False;0
0,5974;894;526;Ninguno;Ninguno;Ninguno;-1;-1;-1;-1;-1;-1;False;0
0,7258;875;501;Ninguno;Ninguno;Ninguno;-1;-1;-1;-1;-1;-1;False;0
0,8544;795;480;Ninguno;Ninguno;Ninguno;-1;-1;-1;-1;-1;-1;False;0
0,9824;644;438;Ninguno;Ninguno;Ninguno;-1;-1;-1;-1;-1;-1;False;0
1,1117;653;423;Ninguno;Ninguno;Ninguno;-1;-1;-1;-1;-1;-1;False;0
1,2550;346;483;Ninguno;Ninguno;Ninguno;-1;-1;-1;-1;-1;-1;False;0
1,3834;283;497;Ninguno;Ninguno;Ninguno;-1;-1;-1;-1;-1;-1;False;0
1,5287;461;478;Ninguno;Ninguno;Ninguno;-1;-1;-1;-1;-1;-1;False;0
1,6401;587;411;Ninguno;Ninguno;Ninguno;-1;-1;-1;-1;-1;-1;False;0
1,7686;587;411;Ninguno;Ninguno;Ninguno;-1;-1;-1;-1;-1;-1;False;0
1,8966;587;411;Ninguno;Ninguno;Ninguno;-1;-1;-1;-1;-1;-1;False;0
2,0411;1420;241;Ninguno;Ninguno;Ninguno;-1;-1;-1;-1;-1;-1;False;0
2,1694;809;550;Ninguno;Ninguno;Ninguno;-1;-1;-1;-1;-1;-1;False;0
2,2979;763;565;Ninguno;Ninguno;Ninguno;-1;-1;-1;-1;-1;-1;False;0
2,4261;767;561;Ninguno;Ninguno;Ninguno;-1;-1;-1;-1;-1;-1;False;0
2,5551;875;647;Ninguno;Ninguno;Ninguno;-1;-1;-1;-1;-1;-1;False;0
2,6834;877;640;Ninguno;Ninguno;Ninguno;-1;-1;-1;-1;-1;-1;False;0
2,8119;880;557;Ninguno;Ninguno;Ninguno;-1;-1;-1;-1;-1;-1;False;0
2,9406;915;502;Ninguno;Ninguno;Ninguno;-1;-1;-1;-1;-1;-1;False;0
3,0697;924;498;Ninguno;Ninguno;Ninguno;-1;-1;-1;-1;-1;-1;False;0
3,2133;845;695;Ninguno;Ninguno;Ninguno;-1;-1;-1;-1;-1;-1;False;0
3,3417;829;726;Ninguno;Ninguno;Ninguno;-1;-1;-1;-1;-1;-1;False;0
3,4698;374;749;Ninguno;Ninguno;Ninguno;-1;-1;-1;-1;-1;-1;False;0
3,5981;264;737;Ninguno;Ninguno;Ninguno;-1;-1;-1;-1;-1;-1;False;0
3,7264;327;701;Ninguno;Ninguno;Ninguno;-1;-1;-1;-1;-1;-1;False;0
3,8710;579;699;Ninguno;Ninguno;Ninguno;-1;-1;-1;-1;-1;-1;False;0
3,9994;583;696;Ninguno;Ninguno;Ninguno;-1;-1;-1;-1;-1;-1;False;0
4,1277;241;718;Ninguno;Ninguno;Ninguno;-1;-1;-1;-1;-1;-1;False;0
4,2561;226;702;Ninguno;Ninguno;Ninguno;-1;-1;-1;-1;-1;-1;False;0
4,4600;440;614;Ninguno;Ninguno;Ninguno;-1;-1;-1;-1;-1;-1;False;0
4,5287;385;641;Ninguno;Ninguno;Ninguno;-1;-1;-1;-1;-1;-1;False;0
4,6570;418;643;Ninguno;Ninguno;Ninguno;-1;-1;-1;-1;-1;-1;False;0
4,7855;432;636;Ninguno;Ninguno;Ninguno;-1;-1;-1;-1;-1;-1;False;0
4,9139;741;447;Ninguno;Ninguno;Ninguno;-1;-1;-1;-1;-1;-1;False;0
5,0421;801;410;Ninguno;Ninguno;Ninguno;-1;-1;-1;-1;-1;-1;False;0
5,1744;808;399;Ninguno;Ninguno;Ninguno;-1;-1;-1;-1;-1;-1;False;0
5,3151;816;393;Ninguno;Ninguno;Ninguno;-1;-1;-1;-1;-1;-1;False;0
5,4435;907;432;Ninguno;Ninguno;Ninguno;-1;-1;-1;-1;-1;-1;False;0
5,5718;1018;494;Ninguno;Ninguno;Ninguno;-1;-1;-1;-1;-1;-1;False;0
5,7001;981;462;Ninguno;Ninguno;Ninguno;-1;-1;-1;-1;-1;-1;False;0
5,8284;988;233;Ninguno;Ninguno;Ninguno;-1;-1;-1;-1;-1;-1;False;0
5,9567;1065;-241;Ninguno;Ninguno;Ninguno;-1;-1;-1;-1;-1;-1;False;0
6,0848;1065;-241;Ninguno;Ninguno;Ninguno;-1;-1;-1;-1;-1;-1;False;0
6,2223;1065;-241;Ninguno;Ninguno;Ninguno;-1;-1;-1;-1;-1;-1;False;0
6,3577;1065;-241;Ninguno;Ninguno;Ninguno;-1;-1;-1;-1;-1;-1;False;0
6,4861;573;-23;Ninguno;Ninguno;Ninguno;-1;-1;-1;-1;-1;-1;False;0
6,6143;561;-48;Ninguno;Ninguno;Ninguno;-1;-1;-1;-1;-1;-1;False;0
6,7429;815;503;Ninguno;Ninguno;Ninguno;-1;-1;-1;-1;-1;-1;False;0
6,8876;762;605;Ninguno;Ninguno;Ninguno;-1;-1;-1;-1;-1;-1;False;0
7,0159;762;626;Ninguno;Ninguno;Ninguno;-1;-1;-1;-1;-1;-1;False;0
7,1443;311;675;Ninguno;Ninguno;Ninguno;-1;-1;-1;-1;-1;-1;False;0
7,2726;352;635;Ninguno;Ninguno;Ninguno;-1;-1;-1;-1;-1;-1;False;0
7,4010;283;666;Ninguno;Ninguno;Ninguno;-1;-1;-1;-1;-1;-1;False;0
7,5297;1034;414;Ninguno;Ninguno;Ninguno;-1;-1;-1;-1;-1;-1;False;0
7,6736;978;433;Ninguno;Ninguno;Ninguno;-1;-1;-1;-1;-1;-1;False;0
7,8087;696;522;Ninguno;Ninguno;Ninguno;-1;-1;-1;-1;-1;-1;False;0
7,9303;592;537;Ninguno;Ninguno;Ninguno;-1;-1;-1;-1;-1;-1;False;0
8,0586;566;537;Ninguno;Ninguno;Ninguno;-1;-1;-1;-1;-1;-1;False;0
8,1874;645;519;Ninguno;Ninguno;Ninguno;-1;-1;-1;-1;-1;-1;False;0
8,3320;749;503;Ninguno;Ninguno;Ninguno;-1;-1;-1;-1;-1;-1;False;0
8,4617;962;514;Ninguno;Ninguno;Ninguno;-1;-1;-1;-1;-1;-1;False;0
8,5892;929;518;Ninguno;Ninguno;Ninguno;-1;-1;-1;-1;-1;-1;False;0
8,7338;899;522;Ninguno;Ninguno;Ninguno;-1;-1;-1;-1;-1;-1;False;0
8,8625;889;523;Ninguno;Ninguno;Ninguno;-1;-1;-1;-1;-1;-1;False;0
9,0068;958;476;Ninguno;Ninguno;Ninguno;-1;-1;-1;-1;-1;-1;False;0
9,1512;859;848;Ninguno;Ninguno;Ninguno;-1;-1;-1;-1;-1;-1;False;0
9,3010;885;538;Ninguno;Ninguno;Ninguno;-1;-1;-1;-1;-1;-1;False;0
9,4401;1304;220;Ninguno;Ninguno;Ninguno;-1;-1;-1;-1;-1;-1;False;0
9,5845;1395;148;Ninguno;Ninguno;Ninguno;-1;-1;-1;-1;-1;-1;False;0
9,7289;1217;315;Ninguno;Ninguno;Ninguno;-1;-1;-1;-1;-1;-1;False;0
9,8569;1069;435;Ninguno;Ninguno;Ninguno;-1;-1;-1;-1;-1;-1;False;0
10,0015;1076;450;Ninguno;Ninguno;Ninguno;-1;-1;-1;-1;-1;-1;False;0
10,1460;1019;474;Ninguno;Ninguno;Ninguno;-1;-1;-1;-1;-1;-1;False;0
10,2904;1013;476;Ninguno;Ninguno;Ninguno;-1;-1;-1;-1;-1;-1;False;0
10,4353;1251;521;Ninguno;Ninguno;Ninguno;-1;-1;-1;-1;-1;-1;False;0
10,5797;1265;515;Ninguno;Ninguno;Ninguno;-1;-1;-1;-1;-1;-1;False;0
10,7301;1330;599;Ninguno;Ninguno;Ninguno;-1;-1;-1;-1;-1;-1;False;0
10,8529;1345;619;Ninguno;Ninguno;Ninguno;-1;-1;-1;-1;-1;-1;False;0
10,9971;1073;459;Ninguno;Ninguno;Ninguno;-1;-1;-1;-1;-1;-1;False;0
11,1415;1054;440;Ninguno;Ninguno;Ninguno;-1;-1;-1;-1;-1;-1;False;0
11,2860;1143;477;Ninguno;Ninguno;Ninguno;-1;-1;-1;-1;-1;-1;False;0
11,4302;1191;492;Ninguno;Ninguno;Ninguno;-1;-1;-1;-1;-1;-1;False;0
11,5752;1235;450;Ninguno;Ninguno;Ninguno;-1;-1;-1;-1;-1;-1;False;0
11,7199;1221;607;Ninguno;Ninguno;Ninguno;-1;-1;-1;-1;-1;-1;False;0
11,8478;1226;624;Ninguno;Ninguno;Ninguno;-1;-1;-1;-1;-1;-1;False;0
11,9923;757;630;Ninguno;Ninguno;Ninguno;-1;-1;-1;-1;-1;-1;False;0
12,1367;731;636;Ninguno;Ninguno;Ninguno;-1;-1;-1;-1;-1;-1;False;0
12,2811;770;729;Ninguno;Ninguno;Ninguno;-1;-1;-1;-1;-1;-1;False;0
12,4255;854;928;Ninguno;Ninguno;Ninguno;-1;-1;-1;-1;-1;-1;False;0
12,5701;1039;714;Ninguno;Ninguno;Ninguno;-1;-1;-1;-1;-1;-1;False;0
12,7145;1261;445;Ninguno;Ninguno;Ninguno;-1;-1;-1;-1;-1;-1;False;0
12,8436;1262;444;DianaObjetivo;Ninguno;Ninguno;930;756;-1;-1;-1;-1;False;0
13,0743;1255;437;DianaObjetivo;Ninguno;Ninguno;935;755;-1;-1;-1;-1;False;0
13,1475;1255;436;DianaObjetivo;Ninguno;Ninguno;936;755;-1;-1;-1;-1;False;0
13,2919;982;593;DianaObjetivo;Ninguno;Ninguno;940;754;-1;-1;-1;-1;False;0
13,4363;923;627;DianaObjetivo;Ninguno;Ninguno;941;754;-1;-1;-1;-1;False;0
13,5806;921;630;DianaObjetivo;Ninguno;Ninguno;942;754;-1;-1;-1;-1;False;0
13,7302;926;626;DianaObjetivo;Ninguno;Ninguno;942;753;-1;-1;-1;-1;False;0
13,8696;956;715;DianaObjetivo;Ninguno;Ninguno;943;753;-1;-1;-1;-1;False;0
14,0139;958;735;DianaObjetivo;Ninguno;Ninguno;943;753;-1;-1;-1;-1;False;0
14,1421;955;740;DianaObjetivo;Ninguno;Ninguno;943;753;-1;-1;-1;-1;False;0
14,2908;958;720;DianaObjetivo;Ninguno;Ninguno;943;753;-1;-1;-1;-1;False;0
14,5166;961;685;DianaObjetivo;DianaObjetivo;Ninguno;943;753;1358;817;-1;-1;False;0
14,5753;961;683;DianaObjetivo;DianaObjetivo;Ninguno;943;753;1358;817;-1;-1;False;0
14,8071;961;682;DianaObjetivo;DianaObjetivo;Ninguno;936;755;1350;817;-1;-1;False;0
14,8640;959;681;DianaObjetivo;DianaObjetivo;Ninguno;937;756;1350;816;-1;-1;False;0
15,0082;961;675;DianaObjetivo;DianaObjetivo;Ninguno;918;759;1327;817;-1;-1;False;0
15,1527;959;670;DianaObjetivo;DianaObjetivo;Ninguno;913;759;1321;817;-1;-1;False;0
15,2974;960;662;DianaObjetivo;DianaObjetivo;Ninguno;911;760;1318;817;-1;-1;False;0
15,4418;963;651;DianaObjetivo;DianaObjetivo;Ninguno;909;760;1316;817;-1;-1;False;0
15,5703;961;633;DianaObjetivo;DianaObjetivo;Ninguno;908;760;1315;817;-1;-1;False;0
15,7141;960;629;DianaObjetivo;DianaObjetivo;Ninguno;908;760;1314;817;-1;-1;False;0
15,8585;1313;754;Ninguno;DianaObjetivo;Ninguno;-1;-1;1314;817;-1;-1;False;0
16,0031;1336;775;Ninguno;DianaObjetivo;Ninguno;-1;-1;1313;817;-1;-1;False;0
16,1475;1342;781;DianaObjetivo;DianaObjetivo;Ninguno;921;758;1313;817;-1;-1;False;0
16,2773;1072;655;DianaObjetivo;DianaObjetivo;Ninguno;921;758;1313;817;-1;-1;False;0
16,4199;965;595;DianaObjetivo;DianaObjetivo;Ninguno;921;758;1313;817;-1;-1;False;0
16,6516;1209;696;DianaObjetivo;DianaObjetivo;Ninguno;921;758;1313;817;-1;-1;False;0
16,7087;1241;734;DianaObjetivo;DianaObjetivo;Ninguno;921;758;1313;817;-1;-1;False;0
16,8532;1271;760;DianaObjetivo;DianaObjetivo;Ninguno;921;758;1313;817;-1;-1;False;0
16,9977;1364;768;DianaObjetivo;DianaObjetivo;Ninguno;921;758;1313;817;-1;-1;False;0
17,1420;1365;771;DianaObjetivo;DianaObjetivo;Ninguno;921;758;1313;817;-1;-1;False;0
17,2864;1365;778;DianaObjetivo;Ninguno;Ninguno;921;758;-1;-1;-1;-1;False;0
17,4150;1365;778;DianaObjetivo;Ninguno;Ninguno;921;758;-1;-1;-1;-1;False;0
17,5587;1366;782;DianaObjetivo;Ninguno;Ninguno;921;758;-1;-1;-1;-1;False;0
17,7036;1370;781;DianaObjetivo;DianaObjetivo;Ninguno;921;758;1524;455;-1;-1;False;0
17,8480;1370;783;DianaObjetivo;DianaObjetivo;Ninguno;921;758;1524;455;-1;-1;False;0
17,9924;1370;784;DianaObjetivo;DianaObjetivo;Ninguno;921;758;1524;455;-1;-1;False;0
18,1368;1370;788;DianaObjetivo;DianaObjetivo;Ninguno;921;758;1524;455;-1;-1;False;0
18,2813;1371;786;DianaObjetivo;DianaObjetivo;Ninguno;921;758;1524;455;-1;-1;False;0
18,4257;1167;489;DianaObjetivo;DianaObjetivo;Ninguno;921;758;1524;455;-1;-1;False;0
18,5537;1086;660;DianaObjetivo;DianaObjetivo;Ninguno;921;758;1524;455;-1;-1;False;0
18,7019;1441;465;DianaObjetivo;DianaObjetivo;Ninguno;921;758;1524;455;-1;-1;False;0
18,8427;1497;437;DianaObjetivo;DianaObjetivo;Ninguno;921;758;1524;455;-1;-1;False;0
18,9871;1582;397;DianaObjetivo;DianaObjetivo;Ninguno;921;758;1524;455;-1;-1;False;0
19,1316;1595;386;Ninguno;DianaObjetivo;Ninguno;-1;-1;1524;455;-1;-1;False;0
19,2598;1596;381;Ninguno;DianaObjetivo;Ninguno;-1;-1;1524;455;-1;-1;False;0
19,4258;1600;374;Ninguno;DianaObjetivo;Ninguno;-1;-1;1524;455;-1;-1;False;0
19,5491;1600;374;Ninguno;DianaObjetivo;Ninguno;-1;-1;1524;455;-1;-1;False;0
19,6934;1598;371;Ninguno;DianaObjetivo;Ninguno;-1;-1;1524;455;-1;-1;False;0
19,8380;1589;373;Ninguno;DianaObjetivo;Ninguno;-1;-1;1524;455;-1;-1;False;0
19,9662;1585;376;Ninguno;DianaObjetivo;Ninguno;-1;-1;1524;455;-1;-1;False;0
20,1104;1583;380;Ninguno;DianaObjetivo;Ninguno;-1;-1;1524;455;-1;-1;False;0
20,2548;1618;351;Ninguno;DianaObjetivo;Ninguno;-1;-1;1524;455;-1;-1;False;0
20,3994;1625;332;Ninguno;DianaObjetivo;Ninguno;-1;-1;1524;455;-1;-1;False;0
20,5437;1617;328;Ninguno;DianaObjetivo;Ninguno;-1;-1;1524;455;-1;-1;False;0
20,6731;1623;342;Ninguno;Ninguno;Ninguno;-1;-1;-1;-1;-1;-1;False;0
20,8162;1627;336;Ninguno;Ninguno;Ninguno;-1;-1;-1;-1;-1;-1;False;0
20,9612;1630;322;Ninguno;Ninguno;Ninguno;-1;-1;-1;-1;-1;-1;False;0
21,1061;1627;316;Ninguno;Ninguno;Ninguno;-1;-1;-1;-1;-1;-1;False;0
21,2506;1620;314;Ninguno;Ninguno;Ninguno;-1;-1;-1;-1;-1;-1;False;0
21,3950;1619;315;Ninguno;Ninguno;Ninguno;-1;-1;-1;-1;-1;-1;False;0
21,5393;1609;331;Ninguno;Ninguno;Ninguno;-1;-1;-1;-1;-1;-1;False;0
21,6681;1480;389;Ninguno;Ninguno;Ninguno;-1;-1;-1;-1;-1;-1;False;0
21,8118;912;664;Ninguno;Ninguno;Ninguno;-1;-1;-1;-1;-1;-1;False;0
21,9564;905;676;Ninguno;Ninguno;Ninguno;-1;-1;-1;-1;-1;-1;False;0
22,1008;914;660;Ninguno;Ninguno;Ninguno;-1;-1;-1;-1;-1;-1;False;0
22,2452;1435;329;Ninguno;Ninguno;Ninguno;-1;-1;-1;-1;-1;-1;False;0
22,3895;1491;337;Ninguno;Ninguno;Ninguno;-1;-1;-1;-1;-1;-1;False;0
22,5179;1456;356;Ninguno;Ninguno;Ninguno;-1;-1;-1;-1;-1;-1;False;0
22,6621;1279;443;Ninguno;Ninguno;Ninguno;-1;-1;-1;-1;-1;-1;False;0
22,8068;1259;447;Ninguno;Ninguno;Ninguno;-1;-1;-1;-1;-1;-1;False;0
22,9348;1261;441;Ninguno;Ninguno;Ninguno;-1;-1;-1;-1;-1;-1;False;0
23,0795;1264;437;Ninguno;Ninguno;Ninguno;-1;-1;-1;-1;-1;-1;False;0
23,2075;1267;421;Ninguno;Ninguno;Ninguno;-1;-1;-1;-1;-1;-1;False;0
23,3521;1219;404;Ninguno;Ninguno;Ninguno;-1;-1;-1;-1;-1;-1;False;0
23,4966;1228;440;Ninguno;Ninguno;Ninguno;-1;-1;-1;-1;-1;-1;False;0
23,6246;1246;438;Ninguno;Ninguno;Ninguno;-1;-1;-1;-1;-1;-1;False;0
23,7692;1233;433;Ninguno;Ninguno;Ninguno;-1;-1;-1;-1;-1;-1;False;0
23,8991;1230;427;Ninguno;Ninguno;Ninguno;-1;-1;-1;-1;-1;-1;False;0
24,0416;1055;523;Ninguno;Ninguno;Ninguno;-1;-1;-1;-1;-1;-1;False;0
24,1863;1032;538;Ninguno;Ninguno;Ninguno;-1;-1;-1;-1;-1;-1;False;0
24,3145;1024;532;Ninguno;Ninguno;Ninguno;-1;-1;-1;-1;-1;-1;False;0
24,4589;1047;511;Ninguno;Ninguno;Ninguno;-1;-1;-1;-1;-1;-1;False;0
24,5888;947;498;Ninguno;Ninguno;Ninguno;-1;-1;-1;-1;-1;-1;False;0
24,7318;1015;453;Ninguno;Ninguno;Ninguno;-1;-1;-1;-1;-1;-1;False;0
24,8761;1035;467;Ninguno;Ninguno;Ninguno;-1;-1;-1;-1;-1;-1;False;0
25,0043;1044;475;Ninguno;Ninguno;Ninguno;-1;-1;-1;-1;-1;-1;False;0
25,1488;1051;480;Ninguno;Ninguno;Ninguno;-1;-1;-1;-1;-1;-1;False;0
25,2769;1067;479;Ninguno;Ninguno;Ninguno;-1;-1;-1;-1;-1;-1;False;0
25,4214;1068;475;Ninguno;Ninguno;Ninguno;-1;-1;-1;-1;-1;-1;False;0
25,5497;1068;475;Ninguno;Ninguno;Ninguno;-1;-1;-1;-1;-1;-1;False;0
25,6779;1068;475;Ninguno;Ninguno;Ninguno;-1;-1;-1;-1;-1;-1;False;0
25,8225;1068;475;Ninguno;Ninguno;Ninguno;-1;-1;-1;-1;-1;-1;False;0
25,9507;1103;434;Ninguno;Ninguno;Ninguno;-1;-1;-1;-1;-1;-1;False;0
26,0829;894;611;Ninguno;Ninguno;Ninguno;-1;-1;-1;-1;-1;-1;False;0
26,2072;887;627;Ninguno;Ninguno;Ninguno;-1;-1;-1;-1;-1;-1;False;0
26,3513;945;632;Ninguno;Ninguno;Ninguno;-1;-1;-1;-1;-1;-1;False;0
26,4801;1110;612;Ninguno;Ninguno;Ninguno;-1;-1;-1;-1;-1;-1;False;0
26,6084;1124;605;DianaObjetivo;Ninguno;Ninguno;723;380;-1;-1;-1;-1;False;0
26,7528;1360;614;DianaObjetivo;Ninguno;Ninguno;723;380;-1;-1;-1;-1;False;0
26,8812;1398;657;DianaObjetivo;Ninguno;Ninguno;723;380;-1;-1;-1;-1;False;0
27,0095;1307;658;DianaObjetivo;Ninguno;Ninguno;723;379;-1;-1;-1;-1;False;0
27,1541;1049;520;DianaObjetivo;Ninguno;Ninguno;723;379;-1;-1;-1;-1;False;0
27,2819;909;434;DianaObjetivo;Ninguno;Ninguno;723;379;-1;-1;-1;-1;False;0
27,4106;761;328;DianaObjetivo;Ninguno;Ninguno;723;379;-1;-1;-1;-1;False;0
27,5388;752;317;DianaObjetivo;Ninguno;Ninguno;723;379;-1;-1;-1;-1;False;0
27,6835;751;320;DianaObjetivo;Ninguno;Ninguno;723;379;-1;-1;-1;-1;False;0
27,8117;751;316;DianaObjetivo;Ninguno;Ninguno;723;379;-1;-1;-1;-1;False;0
27,9399;743;317;DianaObjetivo;Ninguno;Ninguno;723;379;-1;-1;-1;-1;False;0
28,0695;736;315;DianaObjetivo;Ninguno;Ninguno;723;379;-1;-1;-1;-1;False;0
28,2127;735;309;DianaObjetivo;DianaObjetivo;Ninguno;723;379;1358;817;-1;-1;False;0
28,3408;736;309;DianaObjetivo;DianaObjetivo;Ninguno;723;379;1358;817;-1;-1;False;0
28,4694;762;293;DianaObjetivo;DianaObjetivo;Ninguno;723;380;1373;827;-1;-1;False;0
28,6138;766;293;DianaObjetivo;DianaObjetivo;Ninguno;724;380;1384;834;-1;-1;False;0
28,7421;760;289;DianaObjetivo;DianaObjetivo;Ninguno;724;381;1391;839;-1;-1;False;0
28,8707;753;263;DianaObjetivo;DianaObjetivo;Ninguno;724;381;1396;842;-1;-1;False;0
28,9996;751;252;DianaObjetivo;DianaObjetivo;Ninguno;724;381;1398;843;-1;-1;False;0
29,1436;746;238;DianaObjetivo;DianaObjetivo;Ninguno;724;381;1400;845;-1;-1;False;0
29,2720;756;239;DianaObjetivo;DianaObjetivo;Ninguno;724;381;1401;846;-1;-1;False;0
29,4005;757;229;DianaObjetivo;DianaObjetivo;Ninguno;724;381;1402;846;-1;-1;False;0
29,5452;851;213;Ninguno;DianaObjetivo;Ninguno;-1;-1;1403;846;-1;-1;False;0
29,6735;826;208;Ninguno;DianaObjetivo;Ninguno;-1;-1;1403;847;-1;-1;False;0
29,8018;745;171;Ninguno;DianaObjetivo;Ninguno;-1;-1;1403;847;-1;-1;False;0
29,9464;850;199;Ninguno;DianaObjetivo;Ninguno;-1;-1;1403;847;-1;-1;False;0
30,0747;879;197;Ninguno;DianaObjetivo;Ninguno;-1;-1;1403;847;-1;-1;False;0
30,2030;880;197;Ninguno;DianaObjetivo;Ninguno;-1;-1;1403;847;-1;-1;False;0
30,3313;879;187;Ninguno;DianaObjetivo;Ninguno;-1;-1;1403;847;-1;-1;False;0
30,4595;880;174;Ninguno;DianaObjetivo;Ninguno;-1;-1;1403;847;-1;-1;False;0
30,6039;1461;732;Ninguno;DianaObjetivo;Ninguno;-1;-1;1403;847;-1;-1;False;0
30,7323;1479;745;Ninguno;DianaObjetivo;Ninguno;-1;-1;1403;847;-1;-1;False;0
30,8723;1483;766;Ninguno;DianaObjetivo;Ninguno;-1;-1;1403;847;-1;-1;False;0
31,0055;1487;764;Ninguno;DianaObjetivo;Ninguno;-1;-1;1403;847;-1;-1;False;0
31,1338;1493;770;Ninguno;Ninguno;Ninguno;-1;-1;-1;-1;-1;-1;False;0
31,2620;1496;771;Ninguno;Ninguno;Ninguno;-1;-1;-1;-1;-1;-1;False;0
31,4066;1496;777;DianaObjetivo;Ninguno;Ninguno;1358;817;-1;-1;-1;-1;False;0
31,5349;1503;791;DianaObjetivo;Ninguno;Ninguno;1358;817;-1;-1;-1;-1;False;0
31,6631;1504;791;DianaObjetivo;Ninguno;Ninguno;1358;817;-1;-1;-1;-1;False;0
31,8077;1505;794;DianaObjetivo;Ninguno;Ninguno;1358;817;-1;-1;-1;-1;False;0
31,9359;1502;800;DianaObjetivo;Ninguno;Ninguno;1358;817;-1;-1;-1;-1;False;0
32,0641;1501;803;DianaObjetivo;Ninguno;Ninguno;1358;817;-1;-1;-1;-1;False;0
32,2087;1500;798;DianaObjetivo;Ninguno;Ninguno;1358;817;-1;-1;-1;-1;False;0
32,3372;1501;816;DianaObjetivo;Ninguno;Ninguno;1358;817;-1;-1;-1;-1;False;0
32,4655;1489;806;DianaObjetivo;Ninguno;Ninguno;1358;817;-1;-1;-1;-1;False;0
32,6106;1439;831;DianaObjetivo;Ninguno;Ninguno;1358;817;-1;-1;-1;-1;False;0
32,7383;1435;815;DianaObjetivo;Ninguno;Ninguno;1358;817;-1;-1;-1;-1;False;0
32,8666;1435;793;DianaObjetivo;Ninguno;Ninguno;1358;817;-1;-1;-1;-1;False;0
32,9952;1431;773;DianaObjetivo;Ninguno;Ninguno;1358;817;-1;-1;-1;-1;False;0
33,1399;1428;761;DianaObjetivo;Ninguno;Ninguno;1358;817;-1;-1;-1;-1;False;0
33,2682;1426;752;DianaObjetivo;Ninguno;Ninguno;1358;817;-1;-1;-1;-1;False;0
33,3984;1426;745;DianaObjetivo;Ninguno;Ninguno;1358;817;-1;-1;-1;-1;False;0
33,5247;1476;727;DianaObjetivo;Ninguno;Ninguno;1358;817;-1;-1;-1;-1;False;0
33,6698;1506;711;DianaObjetivo;Ninguno;Ninguno;1358;817;-1;-1;-1;-1;False;0
33,7980;1517;699;DianaObjetivo;Ninguno;Ninguno;1358;817;-1;-1;-1;-1;False;0
33,9264;1494;683;DianaObjetivo;Ninguno;Ninguno;1358;817;-1;-1;-1;-1;False;0
34,0549;1481;679;DianaObjetivo;Ninguno;Ninguno;1358;817;-1;-1;-1;-1;False;0
34,1991;1473;679;DianaObjetivo;Ninguno;Ninguno;1358;817;-1;-1;-1;-1;False;0
34,3274;1454;611;Ninguno;Ninguno;Ninguno;-1;-1;-1;-1;-1;-1;False;0
34,4573;1487;646;Ninguno;Ninguno;Ninguno;-1;-1;-1;-1;-1;-1;False;0
34,6001;1510;677;Ninguno;Ninguno;Ninguno;-1;-1;-1;-1;-1;-1;False;0
34,7356;1522;707;Ninguno;Ninguno;Ninguno;-1;-1;-1;-1;-1;-1;False;0
34,8728;1492;732;Ninguno;Ninguno;Ninguno;-1;-1;-1;-1;-1;-1;False;0
35,0011;1481;748;Ninguno;Ninguno;Ninguno;-1;-1;-1;-1;-1;-1;False;0
35,1293;1464;687;Ninguno;Ninguno;Ninguno;-1;-1;-1;-1;-1;-1;False;0
35,2738;1479;758;Ninguno;Ninguno;Ninguno;-1;-1;-1;-1;-1;-1;False;0
35,4022;1531;722;Ninguno;Ninguno;Ninguno;-1;-1;-1;-1;-1;-1;False;0
35,5304;1585;629;Ninguno;Ninguno;Ninguno;-1;-1;-1;-1;-1;-1;False;0
35,6597;1554;608;Ninguno;Ninguno;Ninguno;-1;-1;-1;-1;-1;-1;False;0
35,8036;1400;549;Ninguno;Ninguno;Ninguno;-1;-1;-1;-1;-1;-1;False;0
35,9316;1389;536;Ninguno;Ninguno;Ninguno;-1;-1;-1;-1;-1;-1;False;0
36,0762;1518;614;Ninguno;Ninguno;Ninguno;-1;-1;-1;-1;-1;-1;False;0
36,2046;1573;652;Ninguno;Ninguno;Ninguno;-1;-1;-1;-1;-1;-1;False;0
36,3489;1549;617;Ninguno;Ninguno;Ninguno;-1;-1;-1;-1;-1;-1;False;0
36,4771;1334;532;Ninguno;Ninguno;Ninguno;-1;-1;-1;-1;-1;-1;False;0
36,6071;1296;539;Ninguno;Ninguno;Ninguno;-1;-1;-1;-1;-1;-1;False;0
36,7500;1152;488;Ninguno;Ninguno;Ninguno;-1;-1;-1;-1;-1;-1;False;0
36,8782;1041;460;Ninguno;Ninguno;Ninguno;-1;-1;-1;-1;-1;-1;False;0
37,0227;1040;431;Ninguno;Ninguno;Ninguno;-1;-1;-1;-1;-1;-1;False;0
37,1509;1265;279;Ninguno;Ninguno;Ninguno;-1;-1;-1;-1;-1;-1;False;0
37,2793;1009;462;Ninguno;Ninguno;Ninguno;-1;-1;-1;-1;-1;-1;False;0
37,4093;881;532;Ninguno;Ninguno;Ninguno;-1;-1;-1;-1;-1;-1;False;0
37,5359;875;532;Ninguno;Ninguno;Ninguno;-1;-1;-1;-1;-1;-1;False;0
37,6804;954;510;Ninguno;Ninguno;Ninguno;-1;-1;-1;-1;-1;-1;False;0
37,7941;1066;473;Ninguno;Ninguno;Ninguno;-1;-1;-1;-1;-1;-1;False;0
37,9224;1186;389;Ninguno;Ninguno;Ninguno;-1;-1;-1;-1;-1;-1;False;0
38,0490;1196;377;Ninguno;Ninguno;Ninguno;-1;-1;-1;-1;-1;-1;False;0
38,1774;1196;367;Ninguno;Ninguno;Ninguno;-1;-1;-1;-1;-1;-1;False;0
38,3057;1190;374;Ninguno;Ninguno;Ninguno;-1;-1;-1;-1;-1;-1;False;0
38,4341;1190;374;Ninguno;Ninguno;Ninguno;-1;-1;-1;-1;-1;-1;False;0
38,5461;966;539;Ninguno;Ninguno;Ninguno;-1;-1;-1;-1;-1;-1;False;0
38,6744;943;547;Ninguno;Ninguno;Ninguno;-1;-1;-1;-1;-1;-1;False;0
38,7955;1186;531;Ninguno;Ninguno;Ninguno;-1;-1;-1;-1;-1;-1;False;0
38,8984;1280;515;Ninguno;Ninguno;Ninguno;-1;-1;-1;-1;-1;-1;False;0
39,0276;1282;514;Ninguno;Ninguno;Ninguno;-1;-1;-1;-1;-1;-1;False;0
39,1398;1568;582;Ninguno;Ninguno;Ninguno;-1;-1;-1;-1;-1;-1;False;0
39,2521;1675;572;Ninguno;Ninguno;Ninguno;-1;-1;-1;-1;-1;-1;False;0
39,3643;1679;571;Ninguno;Ninguno;Ninguno;-1;-1;-1;-1;-1;-1;False;0
39,4766;1612;577;Ninguno;Ninguno;Ninguno;-1;-1;-1;-1;-1;-1;False;0
39,5889;1553;576;Ninguno;Ninguno;Ninguno;-1;-1;-1;-1;-1;-1;False;0
39,7173;1422;588;Ninguno;Ninguno;Ninguno;-1;-1;-1;-1;-1;-1;False;0
39,8296;422;742;Ninguno;Ninguno;Ninguno;-1;-1;-1;-1;-1;-1;False;0
39,9420;389;715;Ninguno;Ninguno;Ninguno;-1;-1;-1;-1;-1;-1;False;0
40,0543;391;714;DianaObjetivo;Ninguno;Ninguno;1358;817;-1;-1;-1;-1;False;0
40,1665;329;696;DianaObjetivo;Ninguno;Ninguno;1365;817;-1;-1;-1;-1;False;0
40,2805;308;678;DianaObjetivo;Ninguno;Ninguno;1369;817;-1;-1;-1;-1;False;0
40,4071;305;682;DianaObjetivo;Ninguno;Ninguno;1372;817;-1;-1;-1;-1;False;0
40,5194;311;677;DianaObjetivo;Ninguno;Ninguno;1374;817;-1;-1;-1;-1;False;0
40,6316;565;651;DianaObjetivo;Ninguno;Ninguno;1375;817;-1;-1;-1;-1;False;0
40,7601;659;641;DianaObjetivo;Ninguno;Ninguno;1376;817;-1;-1;-1;-1;False;0
40,8724;671;635;DianaObjetivo;Ninguno;Ninguno;1377;817;-1;-1;-1;-1;False;0
40,9846;749;631;DianaObjetivo;Ninguno;Ninguno;1377;817;-1;-1;-1;-1;False;0
41,0969;1387;621;DianaObjetivo;Ninguno;Ninguno;1378;817;-1;-1;-1;-1;False;0
41,2255;1437;742;DianaObjetivo;Ninguno;Ninguno;1378;817;-1;-1;-1;-1;False;0
41,3378;1454;782;DianaObjetivo;Ninguno;Ninguno;1378;817;-1;-1;-1;-1;False;0
41,4508;1457;798;DianaObjetivo;Ninguno;Ninguno;1378;817;-1;-1;-1;-1;False;0
41,5781;1462;807;DianaObjetivo;Ninguno;Ninguno;1378;817;-1;-1;-1;-1;False;0
41,6904;1463;816;DianaObjetivo;DianaObjetivo;Ninguno;1378;817;512;684;-1;-1;False;0
41,8037;1464;813;DianaObjetivo;DianaObjetivo;Ninguno;1378;817;512;684;-1;-1;False;0
41,9312;1467;808;DianaObjetivo;DianaObjetivo;Ninguno;1356;817;492;688;-1;-1;False;0
42,0557;1472;815;DianaObjetivo;DianaObjetivo;Ninguno;1340;816;477;692;-1;-1;False;0
42,1719;1472;817;DianaObjetivo;DianaObjetivo;Ninguno;1330;816;468;693;-1;-1;False;0
42,2922;1504;809;DianaObjetivo;DianaObjetivo;Ninguno;1324;816;463;695;-1;-1;False;0
42,3964;1506;809;DianaObjetivo;DianaObjetivo;Ninguno;1320;815;459;695;-1;-1;False;0
42,5092;1507;796;DianaObjetivo;DianaObjetivo;Ninguno;1318;815;457;696;-1;-1;False;0
42,6213;1505;785;DianaObjetivo;DianaObjetivo;Ninguno;1316;815;455;696;-1;-1;False;0
42,7336;1498;780;DianaObjetivo;DianaObjetivo;Ninguno;1315;815;454;696;-1;-1;False;0
42,8460;1494;764;DianaObjetivo;DianaObjetivo;Ninguno;1314;815;454;696;-1;-1;False;0
42,9744;1439;764;DianaObjetivo;DianaObjetivo;Ninguno;1313;815;453;697;-1;-1;False;0
43,0867;1394;777;Ninguno;DianaObjetivo;Ninguno;-1;-1;453;697;-1;-1;False;0
43,1990;1388;778;DianaObjetivo;DianaObjetivo;Ninguno;1146;464;453;697;-1;-1;False;0
43,3113;1386;784;DianaObjetivo;DianaObjetivo;Ninguno;1146;464;452;697;-1;-1;False;0
43,4235;1374;789;DianaObjetivo;DianaObjetivo;Ninguno;1146;464;452;697;-1;-1;False;0
43,5356;1372;790;DianaObjetivo;DianaObjetivo;Ninguno;1146;464;452;697;-1;-1;False;0
43,6643;1388;786;DianaObjetivo;DianaObjetivo;Ninguno;1146;464;452;697;-1;-1;False;0
43,7765;1443;780;DianaObjetivo;DianaObjetivo;Ninguno;1146;464;452;697;-1;-1;False;0
43,8888;1418;741;DianaObjetivo;DianaObjetivo;Ninguno;1146;464;452;697;-1;-1;False;0
44,0011;1200;535;DianaObjetivo;DianaObjetivo;Ninguno;1146;464;452;697;-1;-1;False;0
44,1134;1173;476;DianaObjetivo;DianaObjetivo;Ninguno;1146;464;452;697;-1;-1;False;0
44,2256;1181;426;DianaObjetivo;DianaObjetivo;Ninguno;1146;464;452;697;-1;-1;False;0
44,3384;1185;410;DianaObjetivo;DianaObjetivo;Ninguno;1146;464;452;697;-1;-1;False;0
44,4517;1179;396;DianaObjetivo;DianaObjetivo;Ninguno;1146;464;452;697;-1;-1;False;0
44,5791;1179;396;DianaObjetivo;Ninguno;Ninguno;1146;464;-1;-1;-1;-1;False;0
44,6914;1179;396;DianaObjetivo;Ninguno;Ninguno;1146;464;-1;-1;-1;-1;False;0
44,8037;1277;356;DianaObjetivo;Ninguno;Ninguno;1146;464;-1;-1;-1;-1;False;0
44,9160;1317;384;DianaObjetivo;DianaObjetivo;Ninguno;1146;464;1524;455;-1;-1;False;0
45,0294;1312;387;DianaObjetivo;DianaObjetivo;Ninguno;1146;464;1524;455;-1;-1;False;0
45,1566;1245;380;DianaObjetivo;DianaObjetivo;Ninguno;1146;464;1524;455;-1;-1;False;0
45,2689;1229;370;DianaObjetivo;DianaObjetivo;Ninguno;1146;464;1524;455;-1;-1;False;0
45,3812;1225;376;DianaObjetivo;DianaObjetivo;Ninguno;1146;464;1524;455;-1;-1;False;0
45,4935;1223;377;DianaObjetivo;DianaObjetivo;Ninguno;1146;464;1524;455;-1;-1;False;0
45,6057;1472;334;DianaObjetivo;DianaObjetivo;Ninguno;1146;464;1524;455;-1;-1;False;0
45,7343;1613;319;DianaObjetivo;DianaObjetivo;Ninguno;1146;464;1524;455;-1;-1;False;0
45,8466;1625;326;DianaObjetivo;DianaObjetivo;Ninguno;1146;464;1524;455;-1;-1;False;0
45,9590;1623;328;DianaObjetivo;DianaObjetivo;Ninguno;1146;464;1524;455;-1;-1;False;0
46,0712;1623;328;DianaObjetivo;DianaObjetivo;Ninguno;1146;464;1524;455;-1;-1;False;0
46,1834;1651;375;DianaObjetivo;DianaObjetivo;Ninguno;1146;464;1524;455;-1;-1;False;0
46,2961;1624;399;Ninguno;DianaObjetivo;Ninguno;-1;-1;1524;455;-1;-1;False;0
46,4242;1621;398;Ninguno;DianaObjetivo;Ninguno;-1;-1;1524;455;-1;-1;False;0
46,5365;1639;364;Ninguno;DianaObjetivo;Ninguno;-1;-1;1524;455;-1;-1;False;0
46,6488;1670;334;Ninguno;DianaObjetivo;Ninguno;-1;-1;1524;455;-1;-1;False;0
46,7611;1677;320;Ninguno;DianaObjetivo;Ninguno;-1;-1;1524;455;-1;-1;False;0
46,8733;1684;307;Ninguno;DianaObjetivo;Ninguno;-1;-1;1524;455;-1;-1;False;0
46,9856;1664;327;Ninguno;DianaObjetivo;Ninguno;-1;-1;1524;455;-1;-1;False;0
47,0979;1616;355;Ninguno;DianaObjetivo;Ninguno;-1;-1;1524;455;-1;-1;False;0
47,2100;1611;357;Ninguno;DianaObjetivo;Ninguno;-1;-1;1524;455;-1;-1;False;0
47,3225;1609;355;Ninguno;DianaObjetivo;Ninguno;-1;-1;1524;455;-1;-1;False;0
47,4363;1709;306;Ninguno;DianaObjetivo;Ninguno;-1;-1;1524;455;-1;-1;False;0
47,5630;1739;296;Ninguno;DianaObjetivo;Ninguno;-1;-1;1524;455;-1;-1;False;0
47,6753;1745;297;Ninguno;DianaObjetivo;Ninguno;-1;-1;1524;455;-1;-1;False;0
47,7877;1684;341;Ninguno;DianaObjetivo;Ninguno;-1;-1;1524;455;-1;-1;False;0
47,8999;1649;359;Ninguno;Ninguno;Ninguno;-1;-1;-1;-1;-1;-1;False;0
48,0266;1634;379;Ninguno;Ninguno;Ninguno;-1;-1;-1;-1;-1;-1;False;0
48,1245;1632;378;Ninguno;Ninguno;Ninguno;-1;-1;-1;-1;-1;-1;False;0
48,2367;1633;373;Ninguno;Ninguno;Ninguno;-1;-1;-1;-1;-1;-1;False;0
48,3652;1629;376;Ninguno;Ninguno;Ninguno;-1;-1;-1;-1;-1;-1;False;0
48,4775;1630;373;Ninguno;Ninguno;Ninguno;-1;-1;-1;-1;-1;-1;False;0
48,5898;1626;363;Ninguno;Ninguno;Ninguno;-1;-1;-1;-1;-1;-1;False;0
48,7020;1621;359;Ninguno;Ninguno;Ninguno;-1;-1;-1;-1;-1;-1;False;0
48,8411;1619;350;Ninguno;Ninguno;Ninguno;-1;-1;-1;-1;-1;-1;False;0
48,9266;1031;411;Ninguno;Ninguno;Ninguno;-1;-1;-1;-1;-1;-1;False;0
49,0551;513;685;Ninguno;Ninguno;Ninguno;-1;-1;-1;-1;-1;-1;False;0
49,1674;494;700;Ninguno;Ninguno;Ninguno;-1;-1;-1;-1;-1;-1;False;0
49,2803;500;719;Ninguno;Ninguno;Ninguno;-1;-1;-1;-1;-1;-1;False;0
49,3925;780;965;Ninguno;Ninguno;Ninguno;-1;-1;-1;-1;-1;-1;False;0
49,5211;933;856;Ninguno;Ninguno;Ninguno;-1;-1;-1;-1;-1;-1;False;0
49,6730;1282;539;Ninguno;Ninguno;Ninguno;-1;-1;-1;-1;-1;-1;False;0
49,7935;1281;533;Ninguno;Ninguno;Ninguno;-1;-1;-1;-1;-1;-1;False;0
49,9216;1176;439;Ninguno;Ninguno;Ninguno;-1;-1;-1;-1;-1;-1;False;0
50,0663;889;711;Ninguno;Ninguno;Ninguno;-1;-1;-1;-1;-1;-1;False;0
50,1946;886;689;Ninguno;Ninguno;Ninguno;-1;-1;-1;-1;-1;-1;False;0
50,3229;956;525;Ninguno;Ninguno;Ninguno;-1;-1;-1;-1;-1;-1;False;0
50,4512;966;507;Ninguno;Ninguno;Ninguno;-1;-1;-1;-1;-1;-1;False;0
50,5813;1118;491;Ninguno;Ninguno;Ninguno;-1;-1;-1;-1;-1;-1;False;0
50,7239;1219;481;Ninguno;Ninguno;Ninguno;-1;-1;-1;-1;-1;-1;False;0
50,8522;1215;486;Ninguno;Ninguno;Ninguno;-1;-1;-1;-1;-1;-1;False;0
50,9967;988;568;Ninguno;Ninguno;Ninguno;-1;-1;-1;-1;-1;-1;False;0
51,1460;987;489;Ninguno;Ninguno;Ninguno;-1;-1;-1;-1;-1;-1;False;0
51,2694;991;474;Ninguno;Ninguno;Ninguno;-1;-1;-1;-1;-1;-1;False;0
51,3977;998;463;Ninguno;Ninguno;Ninguno;-1;-1;-1;-1;-1;-1;False;0
51,5259;998;463;Ninguno;Ninguno;Ninguno;-1;-1;-1;-1;-1;-1;False;0
51,6550;1159;472;Ninguno;Ninguno;Ninguno;-1;-1;-1;-1;-1;-1;False;0
51,7987;1202;459;Ninguno;Ninguno;Ninguno;-1;-1;-1;-1;-1;-1;False;0
51,9270;1157;455;Ninguno;Ninguno;Ninguno;-1;-1;-1;-1;-1;-1;False;0
52,0553;1049;449;Ninguno;Ninguno;Ninguno;-1;-1;-1;-1;-1;-1;False;0
52,1836;1025;446;Ninguno;Ninguno;Ninguno;-1;-1;-1;-1;-1;-1;False;0
52,3119;1028;439;Ninguno;Ninguno;Ninguno;-1;-1;-1;-1;-1;-1;False;0
52,4403;1033;432;Ninguno;Ninguno;Ninguno;-1;-1;-1;-1;-1;-1;False;0
52,5687;1036;429;Ninguno;Ninguno;Ninguno;-1;-1;-1;-1;-1;-1;False;0
52,6971;1022;447;Ninguno;Ninguno;Ninguno;-1;-1;-1;-1;-1;-1;False;0
52,8106;930;630;Ninguno;Ninguno;Ninguno;-1;-1;-1;-1;-1;-1;False;0
52,9375;926;643;Ninguno;Ninguno;Ninguno;-1;-1;-1;-1;-1;-1;False;0
53,0660;908;735;Ninguno;Ninguno;Ninguno;-1;-1;-1;-1;-1;-1;False;0
53,1945;873;911;Ninguno;Ninguno;Ninguno;-1;-1;-1;-1;-1;-1;False;0
53,3068;902;893;Ninguno;Ninguno;Ninguno;-1;-1;-1;-1;-1;-1;False;0
53,4348;1035;779;Ninguno;Ninguno;Ninguno;-1;-1;-1;-1;-1;-1;False;0
53,5632;1034;702;Ninguno;Ninguno;Ninguno;-1;-1;-1;-1;-1;-1;False;0
53,6917;982;502;DianaObjetivo;Ninguno;Ninguno;922;751;-1;-1;-1;-1;False;0
53,8038;978;492;DianaObjetivo;Ninguno;Ninguno;923;746;-1;-1;-1;-1;False;0
53,9323;979;493;DianaObjetivo;Ninguno;Ninguno;923;743;-1;-1;-1;-1;False;0
54,0444;991;567;DianaObjetivo;Ninguno;Ninguno;923;741;-1;-1;-1;-1;False;0
54,1730;1042;809;DianaObjetivo;Ninguno;Ninguno;923;740;-1;-1;-1;-1;False;0
54,2853;1050;823;DianaObjetivo;Ninguno;Ninguno;924;739;-1;-1;-1;-1;False;0
54,4137;915;918;DianaObjetivo;Ninguno;Ninguno;924;739;-1;-1;-1;-1;False;0
54,5259;867;939;DianaObjetivo;Ninguno;Ninguno;924;738;-1;-1;-1;-1;False;0
54,6543;771;877;DianaObjetivo;Ninguno;Ninguno;924;738;-1;-1;-1;-1;False;0
54,7665;681;727;DianaObjetivo;Ninguno;Ninguno;924;738;-1;-1;-1;-1;False;0
54,8949;1000;654;DianaObjetivo;Ninguno;Ninguno;924;738;-1;-1;-1;-1;False;0
55,0071;1010;653;DianaObjetivo;Ninguno;Ninguno;924;738;-1;-1;-1;-1;False;0
55,1356;990;665;DianaObjetivo;Ninguno;Ninguno;924;738;-1;-1;-1;-1;False;0
55,2478;951;698;DianaObjetivo;DianaObjetivo;Ninguno;924;738;512;684;-1;-1;False;0
55,3767;937;700;DianaObjetivo;DianaObjetivo;Ninguno;921;761;504;706;-1;-1;False;0
55,4890;935;701;DianaObjetivo;DianaObjetivo;Ninguno;919;778;498;724;-1;-1;False;0
55,6174;937;699;DianaObjetivo;DianaObjetivo;Ninguno;917;788;494;733;-1;-1;False;0
55,7296;953;675;DianaObjetivo;DianaObjetivo;Ninguno;916;796;492;740;-1;-1;False;0
55,8580;963;664;DianaObjetivo;DianaObjetivo;Ninguno;916;800;490;744;-1;-1;False;0
55,9863;965;666;DianaObjetivo;DianaObjetivo;Ninguno;915;803;489;747;-1;-1;False;0
56,0984;966;670;DianaObjetivo;DianaObjetivo;Ninguno;915;805;488;749;-1;-1;False;0
56,2269;963;669;DianaObjetivo;DianaObjetivo;Ninguno;915;806;488;751;-1;-1;False;0
56,3554;963;672;DianaObjetivo;DianaObjetivo;Ninguno;915;807;488;751;-1;-1;False;0
56,4681;964;646;DianaObjetivo;DianaObjetivo;Ninguno;915;808;488;752;-1;-1;False;0
56,5957;956;642;Ninguno;DianaObjetivo;Ninguno;-1;-1;487;752;-1;-1;False;0
56,7247;954;688;Ninguno;DianaObjetivo;Ninguno;-1;-1;487;752;-1;-1;False;0
56,8525;959;696;DianaObjetivo;DianaObjetivo;Ninguno;1524;455;487;753;-1;-1;False;0
56,9811;965;700;DianaObjetivo;DianaObjetivo;Ninguno;1524;455;487;753;-1;-1;False;0
57,0939;969;644;DianaObjetivo;DianaObjetivo;Ninguno;1524;455;487;753;-1;-1;False;0
57,2213;964;610;DianaObjetivo;DianaObjetivo;Ninguno;1524;455;487;753;-1;-1;False;0
57,3499;970;605;DianaObjetivo;DianaObjetivo;Ninguno;1524;455;487;753;-1;-1;False;0
57,4780;972;597;DianaObjetivo;DianaObjetivo;Ninguno;1524;455;487;753;-1;-1;False;0
57,6066;1304;508;DianaObjetivo;DianaObjetivo;Ninguno;1524;455;487;753;-1;-1;False;0
57,7188;1560;422;DianaObjetivo;DianaObjetivo;Ninguno;1524;455;487;753;-1;-1;False;0
57,8471;1564;429;DianaObjetivo;DianaObjetivo;Ninguno;1524;455;487;753;-1;-1;False;0
57,9597;1604;378;DianaObjetivo;DianaObjetivo;Ninguno;1524;455;487;753;-1;-1;False;0
58,0878;1610;370;DianaObjetivo;DianaObjetivo;Ninguno;1524;455;487;753;-1;-1;False;0
58,2161;1321;468;DianaObjetivo;Ninguno;Ninguno;1524;455;-1;-1;-1;-1;False;0
58,3462;1302;466;DianaObjetivo;Ninguno;Ninguno;1524;455;-1;-1;-1;-1;False;0
58,4568;1510;400;DianaObjetivo;DianaObjetivo;Ninguno;1524;455;1146;464;-1;-1;False;0
58,5852;1550;383;DianaObjetivo;DianaObjetivo;Ninguno;1524;455;1146;464;-1;-1;False;0
58,7135;1594;350;DianaObjetivo;DianaObjetivo;Ninguno;1524;455;1146;464;-1;-1;False;0
58,8257;1577;373;DianaObjetivo;DianaObjetivo;Ninguno;1524;455;1146;464;-1;-1;False;0
58,9541;1613;340;DianaObjetivo;DianaObjetivo;Ninguno;1524;455;1146;464;-1;-1;False;0
59,0825;1609;339;DianaObjetivo;DianaObjetivo;Ninguno;1524;455;1146;464;-1;-1;False;0
59,2111;1564;337;DianaObjetivo;DianaObjetivo;Ninguno;1524;455;1146;464;-1;-1;False;0
59,3231;1585;319;DianaObjetivo;DianaObjetivo;Ninguno;1524;455;1146;464;-1;-1;False;0
59,4515;1616;308;DianaObjetivo;DianaObjetivo;Ninguno;1524;455;1146;464;-1;-1;False;0
59,5800;1621;313;DianaObjetivo;DianaObjetivo;Ninguno;1524;455;1146;464;-1;-1;False;0
59,6939;1549;273;DianaObjetivo;DianaObjetivo;Ninguno;1524;455;1146;464;-1;-1;False;0
59,8202;1254;366;Ninguno;DianaObjetivo;Ninguno;-1;-1;1146;464;-1;-1;False;0
59,9723;1214;371;Ninguno;DianaObjetivo;Ninguno;-1;-1;1146;464;-1;-1;False;0
60,0772;1214;370;Ninguno;DianaObjetivo;Ninguno;-1;-1;1146;464;-1;-1;False;0
60,2056;1211;366;Ninguno;DianaObjetivo;Ninguno;-1;-1;1146;464;-1;-1;False;0
60,3179;1211;372;Ninguno;DianaObjetivo;Ninguno;-1;-1;1146;464;-1;-1;False;0
60,4459;1201;372;Ninguno;DianaObjetivo;Ninguno;-1;-1;1146;464;-1;-1;False;0
60,5745;1203;374;Ninguno;DianaObjetivo;Ninguno;-1;-1;1146;464;-1;-1;False;0
60,7028;1198;374;Ninguno;DianaObjetivo;Ninguno;-1;-1;1146;464;-1;-1;False;0
60,8312;1200;375;Ninguno;DianaObjetivo;Ninguno;-1;-1;1146;464;-1;-1;False;0
60,9431;1201;373;Ninguno;DianaObjetivo;Ninguno;-1;-1;1146;464;-1;-1;False;0
61,0718;1243;323;Ninguno;DianaObjetivo;Ninguno;-1;-1;1146;464;-1;-1;False;0
61,2001;1246;306;Ninguno;DianaObjetivo;Ninguno;-1;-1;1146;464;-1;-1;False;0
61,3285;1245;301;Ninguno;DianaObjetivo;Ninguno;-1;-1;1146;464;-1;-1;False;0
61,4408;1198;355;Ninguno;Ninguno;Ninguno;-1;-1;-1;-1;-1;-1;False;0
61,5719;1181;376;Ninguno;Ninguno;Ninguno;-1;-1;-1;-1;-1;-1;False;0
61,6976;1176;376;Ninguno;Ninguno;Ninguno;-1;-1;-1;-1;-1;-1;False;0
61,8259;1169;382;Ninguno;Ninguno;Ninguno;-1;-1;-1;-1;-1;-1;False;0
61,9386;1164;398;Ninguno;Ninguno;Ninguno;-1;-1;-1;-1;-1;-1;False;0
62,0670;1156;416;Ninguno;Ninguno;Ninguno;-1;-1;-1;-1;-1;-1;False;0
62,1954;1143;431;Ninguno;Ninguno;Ninguno;-1;-1;-1;-1;-1;-1;False;0
62,3286;1140;438;Ninguno;Ninguno;Ninguno;-1;-1;-1;-1;-1;-1;False;0
62,4358;1047;417;Ninguno;Ninguno;Ninguno;-1;-1;-1;-1;-1;-1;False;0
62,5643;748;665;Ninguno;Ninguno;Ninguno;-1;-1;-1;-1;-1;-1;False;0
62,6928;728;691;Ninguno;Ninguno;Ninguno;-1;-1;-1;-1;-1;-1;False;0
62,8048;811;905;Ninguno;Ninguno;Ninguno;-1;-1;-1;-1;-1;-1;False;0
62,9334;834;960;Ninguno;Ninguno;Ninguno;-1;-1;-1;-1;-1;-1;False;0
63,0617;1159;546;Ninguno;Ninguno;Ninguno;-1;-1;-1;-1;-1;-1;False;0
63,1899;1202;497;Ninguno;Ninguno;Ninguno;-1;-1;-1;-1;-1;-1;False;0
63,3020;1195;493;Ninguno;Ninguno;Ninguno;-1;-1;-1;-1;-1;-1;False;0
63,4303;1017;522;Ninguno;Ninguno;Ninguno;-1;-1;-1;-1;-1;-1;False;0
63,5587;966;537;Ninguno;Ninguno;Ninguno;-1;-1;-1;-1;-1;-1;False;0
63,6709;974;535;Ninguno;Ninguno;Ninguno;-1;-1;-1;-1;-1;-1;False;0
63,7994;1005;617;Ninguno;Ninguno;Ninguno;-1;-1;-1;-1;-1;-1;False;0
63,9116;1024;618;Ninguno;Ninguno;Ninguno;-1;-1;-1;-1;-1;-1;False;0
64,0400;1171;523;Ninguno;Ninguno;Ninguno;-1;-1;-1;-1;-1;-1;False;0
64,1522;1187;511;Ninguno;Ninguno;Ninguno;-1;-1;-1;-1;-1;-1;False;0
64,2806;1037;522;Ninguno;Ninguno;Ninguno;-1;-1;-1;-1;-1;-1;False;0
64,3928;808;386;Ninguno;Ninguno;Ninguno;-1;-1;-1;-1;-1;-1;False;0
64,5214;831;458;Ninguno;Ninguno;Ninguno;-1;-1;-1;-1;-1;-1;False;0
64,6335;838;458;Ninguno;Ninguno;Ninguno;-1;-1;-1;-1;-1;-1;False;0
64,7621;836;450;Ninguno;Ninguno;Ninguno;-1;-1;-1;-1;-1;-1;False;0
64,8743;857;449;Ninguno;Ninguno;Ninguno;-1;-1;-1;-1;-1;-1;False;0
65,0028;1102;479;Ninguno;Ninguno;Ninguno;-1;-1;-1;-1;-1;-1;False;0
65,1165;1116;476;Ninguno;Ninguno;Ninguno;-1;-1;-1;-1;-1;-1;False;0
65,2432;1119;471;Ninguno;Ninguno;Ninguno;-1;-1;-1;-1;-1;-1;False;0
65,3716;1104;354;Ninguno;Ninguno;Ninguno;-1;-1;-1;-1;-1;-1;False;0
65,5000;1080;428;Ninguno;Ninguno;Ninguno;-1;-1;-1;-1;-1;-1;False;0
65,6124;1077;455;Ninguno;Ninguno;Ninguno;-1;-1;-1;-1;-1;-1;False;0
65,7406;1076;453;Ninguno;Ninguno;Ninguno;-1;-1;-1;-1;-1;-1;False;0
65,8691;1080;450;Ninguno;Ninguno;Ninguno;-1;-1;-1;-1;-1;-1;False;0
65,9974;1108;426;Ninguno;Ninguno;Ninguno;-1;-1;-1;-1;-1;-1;False;0
66,1252;1112;418;Ninguno;Ninguno;Ninguno;-1;-1;-1;-1;-1;-1;False;0
66,2379;1118;415;Ninguno;Ninguno;Ninguno;-1;-1;-1;-1;-1;-1;False;0
66,3663;1119;457;Ninguno;Ninguno;Ninguno;-1;-1;-1;-1;-1;-1;False;0
66,4948;1123;507;Ninguno;Ninguno;Ninguno;-1;-1;-1;-1;-1;-1;False;0
66,6079;1115;509;Ninguno;Ninguno;Ninguno;-1;-1;-1;-1;-1;-1;False;0
66,7351;1152;436;Ninguno;Ninguno;Ninguno;-1;-1;-1;-1;-1;-1;False;0
66,8749;1175;373;Ninguno;Ninguno;Ninguno;-1;-1;-1;-1;-1;-1;False;0
66,9921;1177;372;Ninguno;Ninguno;Ninguno;-1;-1;-1;-1;-1;-1;False;0
67,1205;1164;366;Ninguno;Ninguno;Ninguno;-1;-1;-1;-1;-1;-1;False;0
67,2327;1153;392;Ninguno;Ninguno;Ninguno;-1;-1;-1;-1;-1;-1;False;0
67,3610;1149;418;DianaObjetivo;Ninguno;Ninguno;1516;453;-1;-1;-1;-1;False;0
67,4895;1175;390;DianaObjetivo;Ninguno;Ninguno;1510;452;-1;-1;-1;-1;False;0
67,6224;1202;360;DianaObjetivo;Ninguno;Ninguno;1507;452;-1;-1;-1;-1;False;0
67,7300;1205;355;DianaObjetivo;Ninguno;Ninguno;1504;451;-1;-1;-1;-1;False;0
67,8585;1212;327;DianaObjetivo;Ninguno;Ninguno;1503;451;-1;-1;-1;-1;False;0
67,9705;1208;319;DianaObjetivo;Ninguno;Ninguno;1502;451;-1;-1;-1;-1;False;0
68,0990;1404;355;DianaObjetivo;Ninguno;Ninguno;1501;451;-1;-1;-1;-1;False;0
68,2274;1577;386;DianaObjetivo;Ninguno;Ninguno;1501;451;-1;-1;-1;-1;False;0
68,3396;1577;386;DianaObjetivo;Ninguno;Ninguno;1501;451;-1;-1;-1;-1;False;0
68,4680;1575;392;DianaObjetivo;Ninguno;Ninguno;1500;450;-1;-1;-1;-1;False;0
68,5802;1577;394;DianaObjetivo;Ninguno;Ninguno;1500;450;-1;-1;-1;-1;False;0
68,7086;1576;404;DianaObjetivo;Ninguno;Ninguno;1500;450;-1;-1;-1;-1;False;0
68,8370;1580;395;DianaObjetivo;Ninguno;Ninguno;1500;450;-1;-1;-1;-1;False;0
68,9492;1581;345;DianaObjetivo;DianaObjetivo;Ninguno;1500;450;1146;464;-1;-1;False;0
69,0778;1579;329;DianaObjetivo;DianaObjetivo;Ninguno;1500;450;1146;464;-1;-1;False;0
69,1898;1580;340;DianaObjetivo;DianaObjetivo;Ninguno;1520;454;1158;469;-1;-1;False;0
69,3181;1580;356;DianaObjetivo;DianaObjetivo;Ninguno;1532;456;1165;471;-1;-1;False;0
69,4464;1582;364;DianaObjetivo;DianaObjetivo;Ninguno;1541;457;1170;473;-1;-1;False;0
69,5586;1584;366;DianaObjetivo;DianaObjetivo;Ninguno;1546;458;1173;475;-1;-1;False;0
69,6871;1389;348;DianaObjetivo;DianaObjetivo;Ninguno;1549;458;1175;476;-1;-1;False;0
69,8156;1219;382;DianaObjetivo;DianaObjetivo;Ninguno;1552;459;1177;476;-1;-1;False;0
69,9348;1199;397;DianaObjetivo;DianaObjetivo;Ninguno;1553;459;1178;476;-1;-1;False;0
70,0564;1203;396;DianaObjetivo;DianaObjetivo;Ninguno;1554;459;1178;477;-1;-1;False;0
70,1848;1201;393;DianaObjetivo;DianaObjetivo;Ninguno;1555;459;1179;477;-1;-1;False;0
70,3134;1195;387;Ninguno;DianaObjetivo;Ninguno;-1;-1;1179;477;-1;-1;False;0
70,4263;1194;381;Ninguno;DianaObjetivo;Ninguno;-1;-1;1179;477;-1;-1;False;0
70,5538;1253;200;DianaObjetivo;DianaObjetivo;Ninguno;723;380;1179;477;-1;-1;False;0
70,6823;1222;349;DianaObjetivo;DianaObjetivo;Ninguno;724;380;1179;477;-1;-1;False;0
70,8106;1233;377;DianaObjetivo;DianaObjetivo;Ninguno;724;380;1179;477;-1;-1;False;0
70,9227;1235;365;DianaObjetivo;DianaObjetivo;Ninguno;724;380;1179;477;-1;-1;False;0
71,0513;1242;332;DianaObjetivo;DianaObjetivo;Ninguno;724;380;1179;477;-1;-1;False;0
71,1797;1245;327;DianaObjetivo;DianaObjetivo;Ninguno;724;380;1179;477;-1;-1;False;0
71,3081;1236;329;DianaObjetivo;DianaObjetivo;Ninguno;724;380;1179;477;-1;-1;False;0
71,4364;1231;365;DianaObjetivo;DianaObjetivo;Ninguno;724;380;1179;477;-1;-1;False;0
71,5493;1218;395;DianaObjetivo;DianaObjetivo;Ninguno;724;380;1179;477;-1;-1;False;0
71,6803;1215;394;DianaObjetivo;DianaObjetivo;Ninguno;724;380;1179;477;-1;-1;False;0
71,8057;1220;380;DianaObjetivo;DianaObjetivo;Ninguno;724;380;1179;477;-1;-1;False;0
71,9340;1240;338;DianaObjetivo;Ninguno;Ninguno;724;380;-1;-1;-1;-1;False;0
72,0625;1240;317;DianaObjetivo;Ninguno;Ninguno;724;380;-1;-1;-1;-1;False;0
72,1907;1278;310;DianaObjetivo;DianaObjetivo;Ninguno;724;380;1146;464;-1;-1;False;0
72,3029;1283;307;DianaObjetivo;DianaObjetivo;Ninguno;724;380;1146;464;-1;-1;False;0
72,4365;1281;301;DianaObjetivo;DianaObjetivo;Ninguno;724;380;1146;464;-1;-1;False;0
72,5597;1285;295;DianaObjetivo;DianaObjetivo;Ninguno;724;380;1146;464;-1;-1;False;0
72,6881;1280;297;DianaObjetivo;DianaObjetivo;Ninguno;724;380;1146;464;-1;-1;False;0
72,8164;1288;300;DianaObjetivo;DianaObjetivo;Ninguno;724;380;1146;464;-1;-1;False;0
72,9287;1311;130;DianaObjetivo;DianaObjetivo;Ninguno;724;380;1146;464;-1;-1;False;0
73,0570;1311;130;DianaObjetivo;DianaObjetivo;Ninguno;724;380;1146;464;-1;-1;False;0
73,1940;1311;130;DianaObjetivo;DianaObjetivo;Ninguno;724;380;1146;464;-1;-1;False;0
73,3138;1311;130;DianaObjetivo;DianaObjetivo;Ninguno;724;380;1146;464;-1;-1;False;0
73,4273;1311;130;Ninguno;DianaObjetivo;Ninguno;-1;-1;1146;464;-1;-1;False;0
73,5543;1311;130;Ninguno;DianaObjetivo;Ninguno;-1;-1;1146;464;-1;-1;False;0
73,6827;1311;130;Ninguno;DianaObjetivo;Ninguno;-1;-1;1146;464;-1;-1;False;0
73,8117;1311;130;Ninguno;DianaObjetivo;Ninguno;-1;-1;1146;464;-1;-1;False;0
73,9253;1311;130;Ninguno;DianaObjetivo;Ninguno;-1;-1;1146;464;-1;-1;False;0
74,0619;1311;130;Ninguno;DianaObjetivo;Ninguno;-1;-1;1146;464;-1;-1;False;0
74,1805;968;329;Ninguno;DianaObjetivo;Ninguno;-1;-1;1146;464;-1;-1;False;0
74,3088;932;363;Ninguno;DianaObjetivo;Ninguno;-1;-1;1146;464;-1;-1;False;0
74,4221;887;420;Ninguno;DianaObjetivo;Ninguno;-1;-1;1146;464;-1;-1;False;0
74,5494;1133;443;Ninguno;DianaObjetivo;Ninguno;-1;-1;1146;464;-1;-1;False;0
74,6779;1162;439;Ninguno;DianaObjetivo;Ninguno;-1;-1;1146;464;-1;-1;False;0
74,8109;1158;436;Ninguno;DianaObjetivo;Ninguno;-1;-1;1146;464;-1;-1;False;0
74,9203;1157;439;Ninguno;DianaObjetivo;Ninguno;-1;-1;1146;464;-1;-1;False;0
75,0468;1157;448;Ninguno;DianaObjetivo;Ninguno;-1;-1;1146;464;-1;-1;False;0
75,1796;1164;450;Ninguno;Ninguno;Ninguno;-1;-1;-1;-1;-1;-1;False;0
75,3752;1179;427;Ninguno;Ninguno;Ninguno;-1;-1;-1;-1;-1;-1;False;0
75,4949;1179;423;Ninguno;Ninguno;Ninguno;-1;-1;-1;-1;-1;-1;False;0
75,5603;1182;427;Ninguno;Ninguno;Ninguno;-1;-1;-1;-1;-1;-1;False;0
75,6886;1180;427;Ninguno;Ninguno;Ninguno;-1;-1;-1;-1;-1;-1;False;0
75,8009;1184;433;Ninguno;Ninguno;Ninguno;-1;-1;-1;-1;-1;-1;False;0
75,9293;1187;430;Ninguno;Ninguno;Ninguno;-1;-1;-1;-1;-1;-1;False;0
76,0577;1192;422;Ninguno;Ninguno;Ninguno;-1;-1;-1;-1;-1;-1;False;0
76,1860;1195;423;Ninguno;Ninguno;Ninguno;-1;-1;-1;-1;-1;-1;False;0
76,2982;1196;413;Ninguno;Ninguno;Ninguno;-1;-1;-1;-1;-1;-1;False;0
76,4266;1250;335;Ninguno;Ninguno;Ninguno;-1;-1;-1;-1;-1;-1;False;0
76,5547;1305;494;Ninguno;Ninguno;Ninguno;-1;-1;-1;-1;-1;-1;False;0
76,6832;1332;544;Ninguno;Ninguno;Ninguno;-1;-1;-1;-1;-1;-1;False;0
76,7954;1334;543;Ninguno;Ninguno;Ninguno;-1;-1;-1;-1;-1;-1;False;0
76,9240;1356;443;Ninguno;Ninguno;Ninguno;-1;-1;-1;-1;-1;-1;False;0
77,0371;1366;421;Ninguno;Ninguno;Ninguno;-1;-1;-1;-1;-1;-1;False;0
77,1643;1364;414;Ninguno;Ninguno;Ninguno;-1;-1;-1;-1;-1;-1;False;0
77,2927;1223;398;Ninguno;Ninguno;Ninguno;-1;-1;-1;-1;-1;-1;False;0
77,4049;1202;395;Ninguno;Ninguno;Ninguno;-1;-1;-1;-1;-1;-1;False;0
77,5333;1066;428;Ninguno;Ninguno;Ninguno;-1;-1;-1;-1;-1;-1;False;0
77,6456;991;740;Ninguno;Ninguno;Ninguno;-1;-1;-1;-1;-1;-1;False;0
77,7752;986;763;Ninguno;Ninguno;Ninguno;-1;-1;-1;-1;-1;-1;False;0
77,8862;1031;707;Ninguno;Ninguno;Ninguno;-1;-1;-1;-1;-1;-1;False;0
77,9985;1053;678;Ninguno;Ninguno;Ninguno;-1;-1;-1;-1;-1;-1;False;0
78,1270;841;418;Ninguno;Ninguno;Ninguno;-1;-1;-1;-1;-1;-1;False;0
78,2389;809;397;Ninguno;Ninguno;Ninguno;-1;-1;-1;-1;-1;-1;False;0
78,3676;810;384;Ninguno;Ninguno;Ninguno;-1;-1;-1;-1;-1;-1;False;0
78,4959;1008;399;Ninguno;Ninguno;Ninguno;-1;-1;-1;-1;-1;-1;False;0
78,6205;1068;366;Ninguno;Ninguno;Ninguno;-1;-1;-1;-1;-1;-1;False;0
78,7203;1094;332;Ninguno;Ninguno;Ninguno;-1;-1;-1;-1;-1;-1;False;0
78,8489;1094;332;Ninguno;Ninguno;Ninguno;-1;-1;-1;-1;-1;-1;False;0
78,9611;1094;332;Ninguno;Ninguno;Ninguno;-1;-1;-1;-1;-1;-1;False;0
79,0751;970;504;Ninguno;Ninguno;Ninguno;-1;-1;-1;-1;-1;-1;False;0
79,2017;939;511;Ninguno;Ninguno;Ninguno;-1;-1;-1;-1;-1;-1;False;0
79,3300;1016;504;Ninguno;Ninguno;Ninguno;-1;-1;-1;-1;-1;-1;False;0
79,4423;1337;493;Ninguno;Ninguno;Ninguno;-1;-1;-1;-1;-1;-1;False;0
79,5543;1366;502;Ninguno;Ninguno;Ninguno;-1;-1;-1;-1;-1;-1;False;0
79,6668;1366;500;Ninguno;Ninguno;Ninguno;-1;-1;-1;-1;-1;-1;False;0
79,7953;1366;500;Ninguno;Ninguno;Ninguno;-1;-1;-1;-1;-1;-1;False;0
79,9076;1115;446;Ninguno;Ninguno;Ninguno;-1;-1;-1;-1;-1;-1;False;0
80,0199;1058;446;Ninguno;Ninguno;Ninguno;-1;-1;-1;-1;-1;-1;False;0
80,1322;795;581;Ninguno;Ninguno;Ninguno;-1;-1;-1;-1;-1;-1;False;0
80,2445;754;605;Ninguno;Ninguno;Ninguno;-1;-1;-1;-1;-1;-1;False;0
80,3568;752;606;Ninguno;Ninguno;Ninguno;-1;-1;-1;-1;-1;-1;False;0
80,4691;864;600;Ninguno;Ninguno;Ninguno;-1;-1;-1;-1;-1;-1;False;0
80,5807;1369;525;Ninguno;Ninguno;Ninguno;-1;-1;-1;-1;-1;-1;False;0
80,6936;1389;525;Ninguno;Ninguno;Ninguno;-1;-1;-1;-1;-1;-1;False;0
80,8059;761;771;Ninguno;Ninguno;Ninguno;-1;-1;-1;-1;-1;-1;False;0
80,9182;694;786;DianaObjetivo;Ninguno;Ninguno;510;681;-1;-1;-1;-1;False;0
81,0326;687;789;DianaObjetivo;Ninguno;Ninguno;509;679;-1;-1;-1;-1;False;0
81,1428;599;796;DianaObjetivo;Ninguno;Ninguno;508;678;-1;-1;-1;-1;False;0
81,2551;555;804;DianaObjetivo;Ninguno;Ninguno;508;677;-1;-1;-1;-1;False;0
81,3513;698;663;DianaObjetivo;Ninguno;Ninguno;508;677;-1;-1;-1;-1;False;0
81,4638;755;588;DianaObjetivo;Ninguno;Ninguno;507;677;-1;-1;-1;-1;False;0
81,5761;1134;517;DianaObjetivo;Ninguno;Ninguno;507;676;-1;-1;-1;-1;False;0
81,6721;884;594;DianaObjetivo;Ninguno;Ninguno;507;676;-1;-1;-1;-1;False;0
81,7846;561;678;DianaObjetivo;Ninguno;Ninguno;507;676;-1;-1;-1;-1;False;0
81,8969;528;682;DianaObjetivo;Ninguno;Ninguno;507;676;-1;-1;-1;-1;False;0
81,9949;513;684;DianaObjetivo;Ninguno;Ninguno;507;676;-1;-1;-1;-1;False;0
82,1051;512;681;DianaObjetivo;Ninguno;Ninguno;507;676;-1;-1;-1;-1;False;0
82,2175;511;674;DianaObjetivo;Ninguno;Ninguno;507;676;-1;-1;-1;-1;False;0
82,3298;505;634;DianaObjetivo;Ninguno;Ninguno;507;676;-1;-1;-1;-1;False;0
82,4421;598;572;DianaObjetivo;DianaObjetivo;Ninguno;507;676;1524;455;-1;-1;False;0
82,6008;502;615;DianaObjetivo;DianaObjetivo;Ninguno;507;676;1524;455;-1;-1;False;0
82,6719;497;636;DianaObjetivo;DianaObjetivo;Ninguno;505;680;1541;454;-1;-1;False;0
82,7631;497;639;DianaObjetivo;DianaObjetivo;Ninguno;515;689;1557;462;-1;-1;False;0
82,8755;496;642;DianaObjetivo;DianaObjetivo;Ninguno;519;694;1567;465;-1;-1;False;0
82,9878;496;642;DianaObjetivo;DianaObjetivo;Ninguno;521;697;1574;466;-1;-1;False;0
83,1000;495;643;DianaObjetivo;DianaObjetivo;Ninguno;523;699;1579;467;-1;-1;False;0
83,2124;496;649;DianaObjetivo;DianaObjetivo;Ninguno;524;700;1583;468;-1;-1;False;0
83,3247;499;647;DianaObjetivo;DianaObjetivo;Ninguno;525;701;1585;468;-1;-1;False;0
83,4370;501;649;DianaObjetivo;DianaObjetivo;Ninguno;525;702;1586;469;-1;-1;False;0
83,5540;504;651;DianaObjetivo;DianaObjetivo;Ninguno;525;702;1588;469;-1;-1;False;0
83,6777;602;601;DianaObjetivo;DianaObjetivo;Ninguno;526;703;1588;469;-1;-1;False;0
83,7760;604;602;DianaObjetivo;DianaObjetivo;Ninguno;526;703;1589;469;-1;-1;False;0
83,9020;516;664;Ninguno;DianaObjetivo;Ninguno;-1;-1;1589;469;-1;-1;False;0
84,0144;518;664;DianaObjetivo;DianaObjetivo;Ninguno;1358;817;1589;469;-1;-1;False;0
84,1266;516;667;DianaObjetivo;DianaObjetivo;Ninguno;1358;817;1590;469;-1;-1;False;0
84,2389;514;667;DianaObjetivo;DianaObjetivo;Ninguno;1359;817;1590;469;-1;-1;False;0
84,3513;514;670;DianaObjetivo;DianaObjetivo;Ninguno;1359;817;1590;469;-1;-1;False;0
84,4635;510;668;DianaObjetivo;DianaObjetivo;Ninguno;1359;817;1590;469;-1;-1;False;0
84,5792;512;665;DianaObjetivo;DianaObjetivo;Ninguno;1359;817;1590;469;-1;-1;False;0
84,6881;698;653;DianaObjetivo;DianaObjetivo;Ninguno;1359;817;1590;469;-1;-1;False;0
84,8003;1303;757;DianaObjetivo;DianaObjetivo;Ninguno;1359;817;1590;469;-1;-1;False;0
84,9127;1328;787;DianaObjetivo;DianaObjetivo;Ninguno;1359;817;1590;469;-1;-1;False;0
85,0255;1330;796;DianaObjetivo;DianaObjetivo;Ninguno;1359;817;1590;469;-1;-1;False;0
85,1387;1340;796;DianaObjetivo;DianaObjetivo;Ninguno;1359;817;1590;469;-1;-1;False;0
85,2656;1404;792;DianaObjetivo;DianaObjetivo;Ninguno;1359;817;1590;469;-1;-1;False;0
85,3781;1412;788;DianaObjetivo;Ninguno;Ninguno;1359;817;-1;-1;-1;-1;False;0
85,4904;1424;786;DianaObjetivo;Ninguno;Ninguno;1359;817;-1;-1;-1;-1;False;0
85,6179;1423;789;DianaObjetivo;DianaObjetivo;Ninguno;1359;817;1146;464;-1;-1;False;0
85,7148;1423;787;DianaObjetivo;DianaObjetivo;Ninguno;1359;817;1146;464;-1;-1;False;0
85,8286;1400;780;DianaObjetivo;DianaObjetivo;Ninguno;1359;817;1146;464;-1;-1;False;0
85,9409;1380;768;DianaObjetivo;DianaObjetivo;Ninguno;1359;817;1146;464;-1;-1;False;0
86,0679;1381;767;DianaObjetivo;DianaObjetivo;Ninguno;1359;817;1146;464;-1;-1;False;0
86,1802;1433;762;DianaObjetivo;DianaObjetivo;Ninguno;1359;817;1146;464;-1;-1;False;0
86,2925;1456;762;DianaObjetivo;DianaObjetivo;Ninguno;1359;817;1146;464;-1;-1;False;0
86,4047;1460;760;DianaObjetivo;DianaObjetivo;Ninguno;1359;817;1146;464;-1;-1;False;0
86,5171;1455;759;DianaObjetivo;DianaObjetivo;Ninguno;1359;817;1146;464;-1;-1;False;0
86,6294;1194;458;DianaObjetivo;DianaObjetivo;Ninguno;1359;817;1146;464;-1;-1;False;0
86,7416;1172;420;DianaObjetivo;DianaObjetivo;Ninguno;1359;817;1146;464;-1;-1;False;0
86,8539;1179;414;DianaObjetivo;DianaObjetivo;Ninguno;1359;817;1146;464;-1;-1;False;0
86,9662;1182;413;Ninguno;DianaObjetivo;Ninguno;-1;-1;1146;464;-1;-1;False;0
87,0785;1184;410;Ninguno;DianaObjetivo;Ninguno;-1;-1;1146;464;-1;-1;False;0
87,2070;1178;415;Ninguno;DianaObjetivo;Ninguno;-1;-1;1146;464;-1;-1;False;0
87,3193;1175;410;Ninguno;DianaObjetivo;Ninguno;-1;-1;1146;464;-1;-1;False;0
87,4316;1173;407;Ninguno;DianaObjetivo;Ninguno;-1;-1;1146;464;-1;-1;False;0
87,5440;1157;385;Ninguno;DianaObjetivo;Ninguno;-1;-1;1146;464;-1;-1;False;0
87,6563;1150;366;Ninguno;DianaObjetivo;Ninguno;-1;-1;1146;464;-1;-1;False;0
87,7679;1176;364;Ninguno;DianaObjetivo;Ninguno;-1;-1;1146;464;-1;-1;False;0
87,8807;1198;370;Ninguno;DianaObjetivo;Ninguno;-1;-1;1146;464;-1;-1;False;0
87,9932;1203;372;Ninguno;DianaObjetivo;Ninguno;-1;-1;1146;464;-1;-1;False;0
88,1056;1200;371;Ninguno;DianaObjetivo;Ninguno;-1;-1;1146;464;-1;-1;False;0
88,2177;1174;337;Ninguno;DianaObjetivo;Ninguno;-1;-1;1146;464;-1;-1;False;0
88,3301;1179;395;Ninguno;DianaObjetivo;Ninguno;-1;-1;1146;464;-1;-1;False;0
88,4424;1177;435;Ninguno;DianaObjetivo;Ninguno;-1;-1;1146;464;-1;-1;False;0
88,5546;1181;424;Ninguno;Ninguno;Ninguno;-1;-1;-1;-1;-1;-1;False;0
88,6668;1206;375;Ninguno;Ninguno;Ninguno;-1;-1;-1;-1;-1;-1;False;0
88,7791;1213;363;Ninguno;Ninguno;Ninguno;-1;-1;-1;-1;-1;-1;False;0
88,8919;1208;362;Ninguno;Ninguno;Ninguno;-1;-1;-1;-1;-1;-1;False;0
89,0038;1206;364;Ninguno;Ninguno;Ninguno;-1;-1;-1;-1;-1;-1;False;0
89,1163;1199;371;Ninguno;Ninguno;Ninguno;-1;-1;-1;-1;-1;-1;False;0
89,2443;1194;372;Ninguno;Ninguno;Ninguno;-1;-1;-1;-1;-1;-1;False;0
89,3566;1198;374;Ninguno;Ninguno;Ninguno;-1;-1;-1;-1;-1;-1;False;0
89,4690;1206;365;Ninguno;Ninguno;Ninguno;-1;-1;-1;-1;-1;-1;False;0
89,5813;1246;307;Ninguno;Ninguno;Ninguno;-1;-1;-1;-1;-1;-1;False;0
89,6935;935;481;Ninguno;Ninguno;Ninguno;-1;-1;-1;-1;-1;-1;False;0
89,8058;388;804;Ninguno;Ninguno;Ninguno;-1;-1;-1;-1;-1;-1;False;0
89,9182;370;806;Ninguno;Ninguno;Ninguno;-1;-1;-1;-1;-1;-1;False;0
90,0306;373;805;Ninguno;Ninguno;Ninguno;-1;-1;-1;-1;-1;-1;False;0
90,1423;798;988;Ninguno;Ninguno;Ninguno;-1;-1;-1;-1;-1;-1;False;0
90,2555;848;1005;Ninguno;Ninguno;Ninguno;-1;-1;-1;-1;-1;-1;False;0
90,3834;1031;769;Ninguno;Ninguno;Ninguno;-1;-1;-1;-1;-1;-1;False;0
90,4987;1055;737;Ninguno;Ninguno;Ninguno;-1;-1;-1;-1;-1;-1;False;0
90,6080;1231;543;Ninguno;Ninguno;Ninguno;-1;-1;-1;-1;-1;-1;False;0
90,7203;1240;514;Ninguno;Ninguno;Ninguno;-1;-1;-1;-1;-1;-1;False;0
90,8489;1197;515;Ninguno;Ninguno;Ninguno;-1;-1;-1;-1;-1;-1;False;0
90,9611;802;421;Ninguno;Ninguno;Ninguno;-1;-1;-1;-1;-1;-1;False;0
91,0734;644;671;Ninguno;Ninguno;Ninguno;-1;-1;-1;-1;-1;-1;False;0
91,1856;613;687;Ninguno;Ninguno;Ninguno;-1;-1;-1;-1;-1;-1;False;0
91,2987;803;734;Ninguno;Ninguno;Ninguno;-1;-1;-1;-1;-1;-1;False;0
91,4260;869;752;Ninguno;Ninguno;Ninguno;-1;-1;-1;-1;-1;-1;False;0
91,5383;877;748;Ninguno;Ninguno;Ninguno;-1;-1;-1;-1;-1;-1;False;0
91,6506;1004;592;Ninguno;Ninguno;Ninguno;-1;-1;-1;-1;-1;-1;False;0
91,7626;1032;544;Ninguno;Ninguno;Ninguno;-1;-1;-1;-1;-1;-1;False;0
91,8751;869;523;Ninguno;Ninguno;Ninguno;-1;-1;-1;-1;-1;-1;False;0
91,9876;828;529;Ninguno;Ninguno;Ninguno;-1;-1;-1;-1;-1;-1;False;0
92,0999;818;583;Ninguno;Ninguno;Ninguno;-1;-1;-1;-1;-1;-1;False;0
92,2302;863;599;Ninguno;Ninguno;Ninguno;-1;-1;-1;-1;-1;-1;False;0
92,3243;903;598;Ninguno;Ninguno;Ninguno;-1;-1;-1;-1;-1;-1;False;0
92,4367;941;592;Ninguno;Ninguno;Ninguno;-1;-1;-1;-1;-1;-1;False;0
92,5491;956;511;Ninguno;Ninguno;Ninguno;-1;-1;-1;-1;-1;-1;False;0
92,6615;973;449;Ninguno;Ninguno;Ninguno;-1;-1;-1;-1;-1;-1;False;0
92,7737;973;449;Ninguno;Ninguno;Ninguno;-1;-1;-1;-1;-1;-1;False;0
92,8859;868;523;Ninguno;Ninguno;Ninguno;-1;-1;-1;-1;-1;-1;False;0
92,9982;852;529;Ninguno;Ninguno;Ninguno;-1;-1;-1;-1;-1;-1;False;0
93,1104;847;520;Ninguno;Ninguno;Ninguno;-1;-1;-1;-1;-1;-1;False;0
93,2227;913;482;Ninguno;Ninguno;Ninguno;-1;-1;-1;-1;-1;-1;False;0
93,3348;933;467;Ninguno;Ninguno;Ninguno;-1;-1;-1;-1;-1;-1;False;0
93,4473;941;464;Ninguno;Ninguno;Ninguno;-1;-1;-1;-1;-1;-1;False;0
93,5596;928;427;Ninguno;Ninguno;Ninguno;-1;-1;-1;-1;-1;-1;False;0
93,6719;923;419;Ninguno;Ninguno;Ninguno;-1;-1;-1;-1;-1;-1;False;0
93,7841;884;426;Ninguno;Ninguno;Ninguno;-1;-1;-1;-1;-1;-1;False;0
93,8964;875;428;Ninguno;Ninguno;Ninguno;-1;-1;-1;-1;-1;-1;False;0
94,0103;909;422;Ninguno;Ninguno;Ninguno;-1;-1;-1;-1;-1;-1;False;0
94,1370;905;429;Ninguno;Ninguno;Ninguno;-1;-1;-1;-1;-1;-1;False;0
94,2493;692;570;Ninguno;Ninguno;Ninguno;-1;-1;-1;-1;-1;-1;False;0
94,3616;667;582;DianaObjetivo;Ninguno;Ninguno;1521;453;-1;-1;-1;-1;False;0
94,4739;641;584;DianaObjetivo;Ninguno;Ninguno;1519;451;-1;-1;-1;-1;False;0
94,5862;521;564;DianaObjetivo;Ninguno;Ninguno;1518;450;-1;-1;-1;-1;False;0
94,6824;537;556;DianaObjetivo;Ninguno;Ninguno;1517;450;-1;-1;-1;-1;False;0
94,7949;992;549;DianaObjetivo;Ninguno;Ninguno;1516;450;-1;-1;-1;-1;False;0
94,9072;1112;508;DianaObjetivo;Ninguno;Ninguno;1516;449;-1;-1;-1;-1;False;0
95,0194;1564;396;DianaObjetivo;Ninguno;Ninguno;1515;449;-1;-1;-1;-1;False;0
95,1312;1570;393;DianaObjetivo;Ninguno;Ninguno;1515;449;-1;-1;-1;-1;False;0
95,2441;1579;404;DianaObjetivo;Ninguno;Ninguno;1515;449;-1;-1;-1;-1;False;0
95,3416;1585;409;DianaObjetivo;Ninguno;Ninguno;1515;449;-1;-1;-1;-1;False;0
95,4525;1590;410;DianaObjetivo;Ninguno;Ninguno;1515;449;-1;-1;-1;-1;False;0
95,5647;1591;411;DianaObjetivo;Ninguno;Ninguno;1515;449;-1;-1;-1;-1;False;0
95,6770;1590;415;DianaObjetivo;Ninguno;Ninguno;1515;449;-1;-1;-1;-1;False;0
95,7893;1615;384;DianaObjetivo;Ninguno;Ninguno;1515;449;-1;-1;-1;-1;False;0
95,9016;1627;376;DianaObjetivo;DianaObjetivo;Ninguno;1515;449;921;758;-1;-1;False;0
96,0140;1627;379;DianaObjetivo;DianaObjetivo;Ninguno;1525;455;921;771;-1;-1;False;0
96,1263;1617;380;DianaObjetivo;DianaObjetivo;Ninguno;1532;460;920;781;-1;-1;False;0
96,2387;1617;382;DianaObjetivo;DianaObjetivo;Ninguno;1537;464;920;788;-1;-1;False;0
96,3510;1630;372;DianaObjetivo;DianaObjetivo;Ninguno;1540;466;919;792;-1;-1;False;0
96,4633;1662;335;DianaObjetivo;DianaObjetivo;Ninguno;1542;468;919;796;-1;-1;False;0
96,5756;1676;311;DianaObjetivo;DianaObjetivo;Ninguno;1544;469;919;798;-1;-1;False;0
96,6880;1677;309;DianaObjetivo;DianaObjetivo;Ninguno;1545;470;919;799;-1;-1;False;0
96,8003;1673;348;DianaObjetivo;DianaObjetivo;Ninguno;1545;470;919;801;-1;-1;False;0
96,9126;1671;395;DianaObjetivo;DianaObjetivo;Ninguno;1546;471;919;801;-1;-1;False;0
97,0248;1678;366;DianaObjetivo;DianaObjetivo;Ninguno;1546;471;919;802;-1;-1;False;0
97,1372;1692;333;DianaObjetivo;DianaObjetivo;Ninguno;1546;471;919;802;-1;-1;False;0
97,2500;1693;328;Ninguno;DianaObjetivo;Ninguno;-1;-1;919;802;-1;-1;False;0
97,3623;1483;158;Ninguno;DianaObjetivo;Ninguno;-1;-1;919;802;-1;-1;False;0
97,4746;1675;275;DianaObjetivo;DianaObjetivo;Ninguno;723;380;919;803;-1;-1;False;0
97,5869;1702;312;DianaObjetivo;DianaObjetivo;Ninguno;723;380;919;803;-1;-1;False;0
97,6991;1690;356;DianaObjetivo;DianaObjetivo;Ninguno;723;380;919;803;-1;-1;False;0
97,8114;1682;387;DianaObjetivo;DianaObjetivo;Ninguno;723;380;919;803;-1;-1;False;0
97,9236;1674;372;DianaObjetivo;DianaObjetivo;Ninguno;723;380;919;803;-1;-1;False;0
98,0359;1676;334;DianaObjetivo;DianaObjetivo;Ninguno;723;380;919;803;-1;-1;False;0
98,1499;1708;275;DianaObjetivo;DianaObjetivo;Ninguno;723;380;919;803;-1;-1;False;0
98,2765;980;743;DianaObjetivo;DianaObjetivo;Ninguno;723;380;919;803;-1;-1;False;0
98,3888;913;774;DianaObjetivo;DianaObjetivo;Ninguno;723;380;919;803;-1;-1;False;0
98,5076;911;757;DianaObjetivo;DianaObjetivo;Ninguno;723;380;919;803;-1;-1;False;0
98,6135;798;490;DianaObjetivo;DianaObjetivo;Ninguno;723;380;919;803;-1;-1;False;0
98,7257;752;381;DianaObjetivo;DianaObjetivo;Ninguno;723;380;919;803;-1;-1;False;0
98,8379;750;307;DianaObjetivo;Ninguno;Ninguno;723;380;-1;-1;-1;-1;False;0
98,9517;753;299;DianaObjetivo;Ninguno;Ninguno;723;380;-1;-1;-1;-1;False;0
99,0645;758;291;DianaObjetivo;DianaObjetivo;Ninguno;723;380;1358;817;-1;-1;False;0
99,1910;749;290;DianaObjetivo;DianaObjetivo;Ninguno;737;380;1383;821;-1;-1;False;0
99,3032;805;367;DianaObjetivo;DianaObjetivo;Ninguno;748;379;1402;824;-1;-1;False;0
99,4155;861;446;DianaObjetivo;DianaObjetivo;Ninguno;755;379;1413;826;-1;-1;False;0
99,5383;865;458;DianaObjetivo;DianaObjetivo;Ninguno;759;379;1421;827;-1;-1;False;0
99,6403;779;333;DianaObjetivo;DianaObjetivo;Ninguno;763;378;1427;828;-1;-1;False;0
99,7524;741;283;DianaObjetivo;DianaObjetivo;Ninguno;765;378;1430;829;-1;-1;False;0
99,8648;739;271;DianaObjetivo;DianaObjetivo;Ninguno;766;378;1432;829;-1;-1;False;0
99,9769;776;269;DianaObjetivo;DianaObjetivo;Ninguno;767;378;1434;830;-1;-1;False;0
100,0892;802;267;DianaObjetivo;DianaObjetivo;Ninguno;768;378;1435;830;-1;-1;False;0
100,2015;808;266;DianaObjetivo;DianaObjetivo;Ninguno;768;378;1436;830;-1;-1;False;0
100,3138;815;264;DianaObjetivo;DianaObjetivo;Ninguno;769;378;1436;830;-1;-1;False;0
100,4277;820;261;Ninguno;DianaObjetivo;Ninguno;-1;-1;1437;830;-1;-1;False;0
100,5546;808;253;Ninguno;DianaObjetivo;Ninguno;-1;-1;1437;830;-1;-1;False;0
100,6803;804;250;Ninguno;DianaObjetivo;Ninguno;-1;-1;1437;830;-1;-1;False;0
100,7794;802;255;Ninguno;DianaObjetivo;Ninguno;-1;-1;1437;830;-1;-1;False;0
100,8916;800;256;Ninguno;DianaObjetivo;Ninguno;-1;-1;1437;830;-1;-1;False;0
101,0039;673;154;Ninguno;DianaObjetivo;Ninguno;-1;-1;1438;830;-1;-1;False;0
101,1162;816;209;Ninguno;DianaObjetivo;Ninguno;-1;-1;1438;830;-1;-1;False;0
101,2285;843;224;Ninguno;DianaObjetivo;Ninguno;-1;-1;1438;830;-1;-1;False;0
101,3402;858;229;Ninguno;DianaObjetivo;Ninguno;-1;-1;1438;830;-1;-1;False;0
101,4531;859;227;Ninguno;DianaObjetivo;Ninguno;-1;-1;1438;830;-1;-1;False;0
101,5654;856;220;Ninguno;DianaObjetivo;Ninguno;-1;-1;1438;830;-1;-1;False;0
101,6776;1442;718;Ninguno;DianaObjetivo;Ninguno;-1;-1;1438;830;-1;-1;False;0
101,7899;1501;776;Ninguno;DianaObjetivo;Ninguno;-1;-1;1438;830;-1;-1;False;0
101,9023;1494;786;Ninguno;DianaObjetivo;Ninguno;-1;-1;1438;830;-1;-1;False;0
102,0145;1507;804;Ninguno;Ninguno;Ninguno;-1;-1;-1;-1;-1;-1;False;0
102,1268;1514;818;Ninguno;Ninguno;Ninguno;-1;-1;-1;-1;-1;-1;False;0
102,2391;1525;828;Ninguno;Ninguno;Ninguno;-1;-1;-1;-1;-1;-1;False;0
102,3513;1543;834;Ninguno;Ninguno;Ninguno;-1;-1;-1;-1;-1;-1;False;0
102,4640;1548;834;Ninguno;Ninguno;Ninguno;-1;-1;-1;-1;-1;-1;False;0
102,5774;1542;833;Ninguno;Ninguno;Ninguno;-1;-1;-1;-1;-1;-1;False;0
102,7042;1530;836;Ninguno;Ninguno;Ninguno;-1;-1;-1;-1;-1;-1;False;0
102,8165;1528;841;Ninguno;Ninguno;Ninguno;-1;-1;-1;-1;-1;-1;False;0
102,9498;1525;841;Ninguno;Ninguno;Ninguno;-1;-1;-1;-1;-1;-1;False;0
103,0411;1396;697;Ninguno;Ninguno;Ninguno;-1;-1;-1;-1;-1;-1;False;0
103,1534;934;693;Ninguno;Ninguno;Ninguno;-1;-1;-1;-1;-1;-1;False;0
103,2657;931;701;Ninguno;Ninguno;Ninguno;-1;-1;-1;-1;-1;-1;False;0
103,3794;915;682;Ninguno;Ninguno;Ninguno;-1;-1;-1;-1;-1;-1;False;0
103,5063;864;853;Ninguno;Ninguno;Ninguno;-1;-1;-1;-1;-1;-1;False;0
103,6187;728;639;Ninguno;Ninguno;Ninguno;-1;-1;-1;-1;-1;-1;False;0
103,7148;681;517;Ninguno;Ninguno;Ninguno;-1;-1;-1;-1;-1;-1;False;0
103,8271;679;505;Ninguno;Ninguno;Ninguno;-1;-1;-1;-1;-1;-1;False;0
103,9396;698;505;Ninguno;Ninguno;Ninguno;-1;-1;-1;-1;-1;-1;False;0
104,0520;916;612;Ninguno;Ninguno;Ninguno;-1;-1;-1;-1;-1;-1;False;0
104,1642;955;625;Ninguno;Ninguno;Ninguno;-1;-1;-1;-1;-1;-1;False;0
104,2766;962;627;Ninguno;Ninguno;Ninguno;-1;-1;-1;-1;-1;-1;False;0
104,3890;1030;404;Ninguno;Ninguno;Ninguno;-1;-1;-1;-1;-1;-1;False;0
104,5012;937;408;Ninguno;Ninguno;Ninguno;-1;-1;-1;-1;-1;-1;False;0
104,5973;922;450;Ninguno;Ninguno;Ninguno;-1;-1;-1;-1;-1;-1;False;0
104,7098;928;457;Ninguno;Ninguno;Ninguno;-1;-1;-1;-1;-1;-1;False;0
104,8220;1005;447;Ninguno;Ninguno;Ninguno;-1;-1;-1;-1;-1;-1;False;0
104,9343;1232;225;Ninguno;Ninguno;Ninguno;-1;-1;-1;-1;-1;-1;False;0
105,0466;1232;225;Ninguno;Ninguno;Ninguno;-1;-1;-1;-1;-1;-1;False;0
105,1427;1232;225;Ninguno;Ninguno;Ninguno;-1;-1;-1;-1;-1;-1;False;0
105,2578;1004;538;Ninguno;Ninguno;Ninguno;-1;-1;-1;-1;-1;-1;False;0
105,3676;987;545;Ninguno;Ninguno;Ninguno;-1;-1;-1;-1;-1;-1;False;0
105,4799;1015;464;Ninguno;Ninguno;Ninguno;-1;-1;-1;-1;-1;-1;False;0
105,5758;1017;432;Ninguno;Ninguno;Ninguno;-1;-1;-1;-1;-1;-1;False;0
105,6884;1021;427;Ninguno;Ninguno;Ninguno;-1;-1;-1;-1;-1;-1;False;0
105,8007;1009;439;Ninguno;Ninguno;Ninguno;-1;-1;-1;-1;-1;-1;False;0
105,9130;943;481;Ninguno;Ninguno;Ninguno;-1;-1;-1;-1;-1;-1;False;0
106,0253;931;480;Ninguno;Ninguno;Ninguno;-1;-1;-1;-1;-1;-1;False;0
106,1426;1014;435;Ninguno;Ninguno;Ninguno;-1;-1;-1;-1;-1;-1;False;0
106,2335;1014;435;Ninguno;Ninguno;Ninguno;-1;-1;-1;-1;-1;-1;False;0
106,3458;1014;435;Ninguno;Ninguno;Ninguno;-1;-1;-1;-1;-1;-1;False;0
106,4583;894;586;Ninguno;Ninguno;Ninguno;-1;-1;-1;-1;-1;-1;False;0
106,5706;889;587;Ninguno;Ninguno;Ninguno;-1;-1;-1;-1;-1;-1;False;0
106,6829;973;469;Ninguno;Ninguno;Ninguno;-1;-1;-1;-1;-1;-1;False;0
106,7952;995;462;Ninguno;Ninguno;Ninguno;-1;-1;-1;-1;-1;-1;False;0
106,9075;1030;485;Ninguno;Ninguno;Ninguno;-1;-1;-1;-1;-1;-1;False;0
107,0198;1091;528;Ninguno;Ninguno;Ninguno;-1;-1;-1;-1;-1;-1;False;0
107,1321;1092;532;Ninguno;Ninguno;Ninguno;-1;-1;-1;-1;-1;-1;False;0
107,2444;960;571;Ninguno;Ninguno;Ninguno;-1;-1;-1;-1;-1;-1;False;0
107,3567;915;580;Ninguno;Ninguno;Ninguno;-1;-1;-1;-1;-1;-1;False;0
107,4690;931;545;Ninguno;Ninguno;Ninguno;-1;-1;-1;-1;-1;-1;False;0
107,5647;931;545;Ninguno;Ninguno;Ninguno;-1;-1;-1;-1;-1;-1;False;0
107,6774;851;600;Ninguno;Ninguno;Ninguno;-1;-1;-1;-1;-1;-1;False;0
107,7898;839;596;DianaObjetivo;Ninguno;Ninguno;516;681;-1;-1;-1;-1;False;0
107,9021;865;581;DianaObjetivo;Ninguno;Ninguno;518;680;-1;-1;-1;-1;False;0
108,0145;943;542;DianaObjetivo;Ninguno;Ninguno;520;679;-1;-1;-1;-1;False;0
108,1116;942;537;DianaObjetivo;Ninguno;Ninguno;521;678;-1;-1;-1;-1;False;0
108,2229;936;531;DianaObjetivo;Ninguno;Ninguno;522;677;-1;-1;-1;-1;False;0
108,3354;903;515;DianaObjetivo;Ninguno;Ninguno;522;677;-1;-1;-1;-1;False;0
108,4476;572;633;DianaObjetivo;Ninguno;Ninguno;523;677;-1;-1;-1;-1;False;0
108,5438;538;661;DianaObjetivo;Ninguno;Ninguno;523;677;-1;-1;-1;-1;False;0
108,6563;527;661;DianaObjetivo;Ninguno;Ninguno;523;677;-1;-1;-1;-1;False;0
108,7686;525;661;DianaObjetivo;Ninguno;Ninguno;523;676;-1;-1;-1;-1;False;0
108,8809;524;665;DianaObjetivo;Ninguno;Ninguno;523;676;-1;-1;-1;-1;False;0
108,9769;525;665;DianaObjetivo;Ninguno;Ninguno;523;676;-1;-1;-1;-1;False;0
109,0895;525;661;DianaObjetivo;Ninguno;Ninguno;523;676;-1;-1;-1;-1;False;0
109,2018;523;659;DianaObjetivo;Ninguno;Ninguno;523;676;-1;-1;-1;-1;False;0
109,2982;521;655;Ninguno;DianaObjetivo;Ninguno;-1;-1;1146;464;-1;-1;False;0
109,4164;522;655;Ninguno;DianaObjetivo;Ninguno;-1;-1;1146;464;-1;-1;False;0
109,5859;521;658;Ninguno;DianaObjetivo;Ninguno;-1;-1;1143;469;-1;-1;False;0
109,7235;517;663;Ninguno;DianaObjetivo;Ninguno;-1;-1;1141;473;-1;-1;False;0
109,8102;515;665;Ninguno;DianaObjetivo;Ninguno;-1;-1;1140;475;-1;-1;False;0
109,8594;516;666;Ninguno;DianaObjetivo;Ninguno;-1;-1;1140;475;-1;-1;False;0
109,9717;519;668;Ninguno;DianaObjetivo;Ninguno;-1;-1;1139;477;-1;-1;False;0
110,0839;678;595;Ninguno;DianaObjetivo;Ninguno;-1;-1;1138;478;-1;-1;False;0
110,1818;1019;448;Ninguno;DianaObjetivo;Ninguno;-1;-1;1138;478;-1;-1;False;0
110,3090;1071;430;Ninguno;DianaObjetivo;Ninguno;-1;-1;1138;478;-1;-1;False;0
110,4059;1156;429;Ninguno;DianaObjetivo;Ninguno;-1;-1;1137;479;-1;-1;False;0
110,5919;1155;420;Ninguno;DianaObjetivo;Ninguno;-1;-1;1137;479;-1;-1;False;0
110,6309;1106;436;Ninguno;DianaObjetivo;Ninguno;-1;-1;1137;479;-1;-1;False;0
110,7419;1022;457;Ninguno;DianaObjetivo;Ninguno;-1;-1;1137;479;-1;-1;False;0
110,8544;1019;458;DianaObjetivo;DianaObjetivo;Ninguno;1358;817;1137;479;-1;-1;False;0
110,9667;1109;431;DianaObjetivo;DianaObjetivo;Ninguno;1358;817;1137;479;-1;-1;False;0
111,0789;1171;410;DianaObjetivo;DianaObjetivo;Ninguno;1358;817;1137;479;-1;-1;False;0
111,1913;1180;410;DianaObjetivo;DianaObjetivo;Ninguno;1358;817;1137;479;-1;-1;False;0
111,3037;1172;408;DianaObjetivo;DianaObjetivo;Ninguno;1358;817;1137;479;-1;-1;False;0
111,4161;1166;409;DianaObjetivo;DianaObjetivo;Ninguno;1358;817;1137;479;-1;-1;False;0
111,5284;1167;411;DianaObjetivo;DianaObjetivo;Ninguno;1358;817;1137;479;-1;-1;False;0
111,6514;1144;395;DianaObjetivo;DianaObjetivo;Ninguno;1358;817;1137;479;-1;-1;False;0
111,7529;1137;388;DianaObjetivo;DianaObjetivo;Ninguno;1358;817;1137;479;-1;-1;False;0
111,8654;1179;367;DianaObjetivo;DianaObjetivo;Ninguno;1358;817;1137;479;-1;-1;False;0
111,9630;1195;356;DianaObjetivo;DianaObjetivo;Ninguno;1358;817;1137;479;-1;-1;False;0
112,0746;1193;360;DianaObjetivo;DianaObjetivo;Ninguno;1358;817;1137;479;-1;-1;False;0
112,1859;1182;391;DianaObjetivo;DianaObjetivo;Ninguno;1358;817;1137;479;-1;-1;False;0
112,2982;1173;417;DianaObjetivo;Ninguno;Ninguno;1358;817;-1;-1;-1;-1;False;0
112,4105;1185;385;DianaObjetivo;Ninguno;Ninguno;1358;817;-1;-1;-1;-1;False;0
112,5228;1205;321;DianaObjetivo;Ninguno;Ninguno;1358;817;-1;-1;-1;-1;False;0
112,7064;1205;311;DianaObjetivo;Ninguno;Ninguno;1358;817;-1;-1;-1;-1;False;0
112,7473;1204;314;DianaObjetivo;Ninguno;Ninguno;1358;817;-1;-1;-1;-1;False;0
112,8596;1202;316;DianaObjetivo;Ninguno;Ninguno;1358;817;-1;-1;-1;-1;False;0
112,9720;1195;318;DianaObjetivo;Ninguno;Ninguno;1358;817;-1;-1;-1;-1;False;0
113,0842;1197;321;DianaObjetivo;Ninguno;Ninguno;1358;817;-1;-1;-1;-1;False;0
113,1965;1377;735;DianaObjetivo;Ninguno;Ninguno;1358;817;-1;-1;-1;-1;False;0
113,3090;1397;779;DianaObjetivo;Ninguno;Ninguno;1358;817;-1;-1;-1;-1;False;0
113,4214;1406;805;DianaObjetivo;Ninguno;Ninguno;1358;817;-1;-1;-1;-1;False;0
113,5338;1416;828;DianaObjetivo;Ninguno;Ninguno;1358;817;-1;-1;-1;-1;False;0
113,6460;1434;841;DianaObjetivo;Ninguno;Ninguno;1358;817;-1;-1;-1;-1;False;0
113,7584;1444;840;Ninguno;Ninguno;Ninguno;-1;-1;-1;-1;-1;-1;False;0
113,8706;1449;836;Ninguno;Ninguno;Ninguno;-1;-1;-1;-1;-1;-1;False;0
113,9669;1448;839;Ninguno;Ninguno;Ninguno;-1;-1;-1;-1;-1;-1;False;0
114,0876;1449;843;Ninguno;Ninguno;Ninguno;-1;-1;-1;-1;-1;-1;False;0
114,1917;1449;847;Ninguno;Ninguno;Ninguno;-1;-1;-1;-1;-1;-1;False;0
114,3047;1448;851;Ninguno;Ninguno;Ninguno;-1;-1;-1;-1;-1;-1;False;0
114,4174;1445;845;Ninguno;Ninguno;Ninguno;-1;-1;-1;-1;-1;-1;False;0
114,5287;1443;841;Ninguno;Ninguno;Ninguno;-1;-1;-1;-1;-1;-1;False;0
114,6410;1443;841;Ninguno;Ninguno;Ninguno;-1;-1;-1;-1;-1;-1;False;0
114,7526;1498;839;Ninguno;Ninguno;Ninguno;-1;-1;-1;-1;-1;-1;False;0
114,8650;1403;733;Ninguno;Ninguno;Ninguno;-1;-1;-1;-1;-1;-1;False;0
114,9773;815;610;Ninguno;Ninguno;Ninguno;-1;-1;-1;-1;-1;-1;False;0
115,0897;810;597;Ninguno;Ninguno;Ninguno;-1;-1;-1;-1;-1;-1;False;0
115,2020;809;585;Ninguno;Ninguno;Ninguno;-1;-1;-1;-1;-1;-1;False;0
115,3142;813;586;Ninguno;Ninguno;Ninguno;-1;-1;-1;-1;-1;-1;False;0
115,4266;808;584;Ninguno;Ninguno;Ninguno;-1;-1;-1;-1;-1;-1;False;0
115,5240;808;584;Ninguno;Ninguno;Ninguno;-1;-1;-1;-1;-1;-1;False;0
115,6511;807;586;Ninguno;Ninguno;Ninguno;-1;-1;-1;-1;-1;-1;False;0
115,7634;849;576;Ninguno;Ninguno;Ninguno;-1;-1;-1;-1;-1;-1;False;0
115,8757;911;574;Ninguno;Ninguno;Ninguno;-1;-1;-1;-1;-1;-1;False;0
115,9719;973;542;Ninguno;Ninguno;Ninguno;-1;-1;-1;-1;-1;-1;False;0
116,0966;899;764;Ninguno;Ninguno;Ninguno;-1;-1;-1;-1;-1;-1;False;0
116,1967;854;926;Ninguno;Ninguno;Ninguno;-1;-1;-1;-1;-1;-1;False;0
116,3090;843;957;Ninguno;Ninguno;Ninguno;-1;-1;-1;-1;-1;-1;False;0
116,4214;840;954;Ninguno;Ninguno;Ninguno;-1;-1;-1;-1;-1;-1;False;0
116,5336;880;599;Ninguno;Ninguno;Ninguno;-1;-1;-1;-1;-1;-1;False;0
116,6460;885;564;Ninguno;Ninguno;Ninguno;-1;-1;-1;-1;-1;-1;False;0
116,7419;883;561;Ninguno;Ninguno;Ninguno;-1;-1;-1;-1;-1;-1;False;0
116,8545;883;559;Ninguno;Ninguno;Ninguno;-1;-1;-1;-1;-1;-1;False;0
116,9506;892;756;Ninguno;Ninguno;Ninguno;-1;-1;-1;-1;-1;-1;False;0
117,0630;899;896;Ninguno;Ninguno;Ninguno;-1;-1;-1;-1;-1;-1;False;0
117,1595;900;909;Ninguno;Ninguno;Ninguno;-1;-1;-1;-1;-1;-1;False;0
117,2721;955;859;Ninguno;Ninguno;Ninguno;-1;-1;-1;-1;-1;-1;False;0
117,3683;955;859;Ninguno;Ninguno;Ninguno;-1;-1;-1;-1;-1;-1;False;0
117,4656;955;859;Ninguno;Ninguno;Ninguno;-1;-1;-1;-1;-1;-1;False;0
117,5767;895;566;Ninguno;Ninguno;Ninguno;-1;-1;-1;-1;-1;-1;False;0
117,6733;895;544;Ninguno;Ninguno;Ninguno;-1;-1;-1;-1;-1;-1;False;0
117,7856;897;533;Ninguno;Ninguno;Ninguno;-1;-1;-1;-1;-1;-1;False;0
117,8818;898;523;Ninguno;Ninguno;Ninguno;-1;-1;-1;-1;-1;-1;False;0
117,9943;933;522;Ninguno;Ninguno;Ninguno;-1;-1;-1;-1;-1;-1;False;0
118,0903;1011;525;Ninguno;Ninguno;Ninguno;-1;-1;-1;-1;-1;-1;False;0
118,2026;1038;596;Ninguno;Ninguno;Ninguno;-1;-1;-1;-1;-1;-1;False;0
118,2990;1055;789;Ninguno;Ninguno;Ninguno;-1;-1;-1;-1;-1;-1;False;0
118,4115;996;640;Ninguno;Ninguno;Ninguno;-1;-1;-1;-1;-1;-1;False;0
118,5076;967;554;Ninguno;Ninguno;Ninguno;-1;-1;-1;-1;-1;-1;False;0
118,6200;643;524;Ninguno;Ninguno;Ninguno;-1;-1;-1;-1;-1;-1;False;0
118,7162;563;528;Ninguno;Ninguno;Ninguno;-1;-1;-1;-1;-1;-1;False;0
118,8124;553;524;Ninguno;Ninguno;Ninguno;-1;-1;-1;-1;-1;-1;False;0
118,9248;552;525;Ninguno;Ninguno;Ninguno;-1;-1;-1;-1;-1;-1;False;0
119,0203;555;523;Ninguno;Ninguno;Ninguno;-1;-1;-1;-1;-1;-1;False;0
119,1333;559;523;Ninguno;Ninguno;Ninguno;-1;-1;-1;-1;-1;-1;False;0
119,2295;561;518;Ninguno;Ninguno;Ninguno;-1;-1;-1;-1;-1;-1;False;0
119,3419;562;519;Ninguno;Ninguno;Ninguno;-1;-1;-1;-1;-1;-1;False;0
119,4373;565;513;Ninguno;Ninguno;Ninguno;-1;-1;-1;-1;-1;-1;False;0
119,5344;606;489;DianaObjetivo;Ninguno;Ninguno;723;375;-1;-1;-1;-1;False;0
119,6305;623;482;DianaObjetivo;Ninguno;Ninguno;723;371;-1;-1;-1;-1;False;0
119,7285;879;502;DianaObjetivo;Ninguno;Ninguno;722;369;-1;-1;-1;-1;False;0
119,8391;1222;538;DianaObjetivo;Ninguno;Ninguno;722;367;-1;-1;-1;-1;False;0
119,9353;1233;541;DianaObjetivo;Ninguno;Ninguno;722;366;-1;-1;-1;-1;False;0
120,0316;1146;700;DianaObjetivo;Ninguno;Ninguno;722;365;-1;-1;-1;-1;False;0
120,1279;1019;892;DianaObjetivo;Ninguno;Ninguno;722;364;-1;-1;-1;-1;False;0
120,2241;778;396;DianaObjetivo;Ninguno;Ninguno;722;364;-1;-1;-1;-1;False;0
120,3203;756;326;DianaObjetivo;Ninguno;Ninguno;722;363;-1;-1;-1;-1;False;0
120,4165;750;317;DianaObjetivo;Ninguno;Ninguno;722;363;-1;-1;-1;-1;False;0
120,5128;746;309;DianaObjetivo;Ninguno;Ninguno;722;363;-1;-1;-1;-1;False;0
120,6091;743;311;DianaObjetivo;Ninguno;Ninguno;722;363;-1;-1;-1;-1;False;0
120,7053;745;308;DianaObjetivo;Ninguno;Ninguno;722;363;-1;-1;-1;-1;False;0
120,8016;744;300;DianaObjetivo;Ninguno;Ninguno;722;363;-1;-1;-1;-1;False;0
120,8978;742;286;DianaObjetivo;Ninguno;Ninguno;722;363;-1;-1;-1;-1;False;0
120,9941;740;282;DianaObjetivo;Ninguno;Ninguno;722;363;-1;-1;-1;-1;False;0
121,0905;742;283;DianaObjetivo;Ninguno;Ninguno;722;363;-1;-1;-1;-1;False;0
121,1868;740;285;DianaObjetivo;Ninguno;Ninguno;722;363;-1;-1;-1;-1;False;0
121,2830;741;284;DianaObjetivo;Ninguno;Ninguno;723;375;-1;-1;-1;-1;False;0
121,3792;741;278;DianaObjetivo;Ninguno;Ninguno;724;386;-1;-1;-1;-1;False;0
121,4764;742;277;DianaObjetivo;Ninguno;Ninguno;725;394;-1;-1;-1;-1;False;0
121,5876;751;251;DianaObjetivo;Ninguno;Ninguno;725;400;-1;-1;-1;-1;False;0
121,6840;766;227;DianaObjetivo;Ninguno;Ninguno;726;404;-1;-1;-1;-1;False;0
121,7816;765;225;DianaObjetivo;Ninguno;Ninguno;726;407;-1;-1;-1;-1;False;0
121,8925;758;228;DianaObjetivo;Ninguno;Ninguno;726;409;-1;-1;-1;-1;False;0
121,9886;760;227;DianaObjetivo;Ninguno;Ninguno;726;411;-1;-1;-1;-1;False;0
122,1011;764;234;DianaObjetivo;Ninguno;Ninguno;726;412;-1;-1;-1;-1;False;0
122,1973;827;196;DianaObjetivo;Ninguno;Ninguno;727;412;-1;-1;-1;-1;False;0
122,3097;835;267;DianaObjetivo;Ninguno;Ninguno;727;413;-1;-1;-1;-1;False;0
122,4059;838;313;DianaObjetivo;Ninguno;Ninguno;727;413;-1;-1;-1;-1;False;0
122,5182;835;324;Ninguno;Ninguno;Ninguno;-1;-1;-1;-1;-1;-1;False;0
122,6145;763;314;DianaObjetivo;Ninguno;Ninguno;723;380;-1;-1;-1;-1;False;0
122,7268;770;294;DianaObjetivo;Ninguno;Ninguno;723;380;-1;-1;-1;-1;False;0
122,8231;780;283;DianaObjetivo;Ninguno;Ninguno;723;380;-1;-1;-1;-1;False;0
122,9193;780;278;DianaObjetivo;Ninguno;Ninguno;723;380;-1;-1;-1;-1;False;0
123,0316;784;270;DianaObjetivo;Ninguno;Ninguno;723;380;-1;-1;-1;-1;False;0
123,1278;784;262;DianaObjetivo;Ninguno;Ninguno;723;380;-1;-1;-1;-1;False;0
123,2402;857;215;DianaObjetivo;Ninguno;Ninguno;723;380;-1;-1;-1;-1;False;0
123,3363;854;214;DianaObjetivo;Ninguno;Ninguno;723;380;-1;-1;-1;-1;False;0
123,4487;858;214;DianaObjetivo;Ninguno;Ninguno;723;380;-1;-1;-1;-1;False;0
123,5444;873;202;DianaObjetivo;Ninguno;Ninguno;723;380;-1;-1;-1;-1;False;0
123,6573;816;216;DianaObjetivo;Ninguno;Ninguno;723;380;-1;-1;-1;-1;False;0
123,7538;818;214;DianaObjetivo;Ninguno;Ninguno;723;380;-1;-1;-1;-1;False;0
123,8660;765;283;DianaObjetivo;Ninguno;Ninguno;723;380;-1;-1;-1;-1;False;0
123,9622;717;331;DianaObjetivo;Ninguno;Ninguno;723;380;-1;-1;-1;-1;False;0
124,0746;724;347;DianaObjetivo;Ninguno;Ninguno;723;380;-1;-1;-1;-1;False;0
124,1707;739;320;DianaObjetivo;DianaObjetivo;Ninguno;723;380;1358;817;-1;-1;False;0
124,2832;744;312;DianaObjetivo;DianaObjetivo;Ninguno;723;380;1358;817;-1;-1;False;0
124,3793;749;311;DianaObjetivo;DianaObjetivo;Ninguno;723;380;1358;817;-1;-1;False;0
124,4916;748;321;DianaObjetivo;DianaObjetivo;Ninguno;723;380;1358;817;-1;-1;False;0
124,5879;748;326;DianaObjetivo;DianaObjetivo;Ninguno;723;380;1358;817;-1;-1;False;0
124,7003;747;332;DianaObjetivo;DianaObjetivo;Ninguno;723;380;1358;817;-1;-1;False;0
124,7964;750;335;DianaObjetivo;DianaObjetivo;Ninguno;723;380;1358;817;-1;-1;False;0
124,8926;732;337;DianaObjetivo;DianaObjetivo;Ninguno;723;380;1358;817;-1;-1;False;0
125,0050;723;336;DianaObjetivo;DianaObjetivo;Ninguno;723;380;1358;817;-1;-1;False;0
125,1011;725;346;DianaObjetivo;DianaObjetivo;Ninguno;723;380;1358;817;-1;-1;False;0
125,2135;745;328;DianaObjetivo;DianaObjetivo;Ninguno;723;380;1358;817;-1;-1;False;0
125,3097;752;330;DianaObjetivo;DianaObjetivo;Ninguno;723;380;1358;817;-1;-1;False;0
125,4238;751;344;DianaObjetivo;DianaObjetivo;Ninguno;723;380;1358;817;-1;-1;False;0
125,5183;752;345;DianaObjetivo;DianaObjetivo;Ninguno;723;380;1358;817;-1;-1;False;0
125,6307;754;344;Ninguno;DianaObjetivo;Ninguno;-1;-1;1358;817;-1;-1;False;0
125,7268;750;352;Ninguno;DianaObjetivo;Ninguno;-1;-1;1358;817;-1;-1;False;0
125,8391;750;347;Ninguno;DianaObjetivo;Ninguno;-1;-1;1358;817;-1;-1;False;0
125,9353;746;351;Ninguno;DianaObjetivo;Ninguno;-1;-1;1358;817;-1;-1;False;0
126,0477;747;354;Ninguno;DianaObjetivo;Ninguno;-1;-1;1358;817;-1;-1;False;0
126,1440;754;350;Ninguno;DianaObjetivo;Ninguno;-1;-1;1358;817;-1;-1;False;0
126,2415;751;348;Ninguno;DianaObjetivo;Ninguno;-1;-1;1358;817;-1;-1;False;0
126,3524;748;347;Ninguno;DianaObjetivo;Ninguno;-1;-1;1358;817;-1;-1;False;0
126,4485;745;344;Ninguno;DianaObjetivo;Ninguno;-1;-1;1358;817;-1;-1;False;0
126,5609;761;332;Ninguno;DianaObjetivo;Ninguno;-1;-1;1358;817;-1;-1;False;0
126,6572;1202;640;Ninguno;DianaObjetivo;Ninguno;-1;-1;1358;817;-1;-1;False;0
126,7697;1399;781;Ninguno;DianaObjetivo;Ninguno;-1;-1;1358;817;-1;-1;False;0
126,8799;1409;796;Ninguno;DianaObjetivo;Ninguno;-1;-1;1358;817;-1;-1;False;0
126,9781;1420;804;Ninguno;DianaObjetivo;Ninguno;-1;-1;1358;817;-1;-1;False;0
127,0745;1429;808;Ninguno;DianaObjetivo;Ninguno;-1;-1;1358;817;-1;-1;False;0
127,1868;1447;818;Ninguno;Ninguno;Ninguno;-1;-1;-1;-1;-1;-1;False;0
127,2830;1441;857;Ninguno;Ninguno;Ninguno;-1;-1;-1;-1;-1;-1;False;0
127,3954;1473;831;Ninguno;Ninguno;Ninguno;-1;-1;-1;-1;-1;-1;False;0
127,4915;1446;868;Ninguno;Ninguno;Ninguno;-1;-1;-1;-1;-1;-1;False;0
127,6039;1444;874;Ninguno;Ninguno;Ninguno;-1;-1;-1;-1;-1;-1;False;0
127,7001;1444;877;Ninguno;Ninguno;Ninguno;-1;-1;-1;-1;-1;-1;False;0
127,7961;1472;874;Ninguno;Ninguno;Ninguno;-1;-1;-1;-1;-1;-1;False;0
127,9086;1489;871;Ninguno;Ninguno;Ninguno;-1;-1;-1;-1;-1;-1;False;0
128,0049;1484;876;Ninguno;Ninguno;Ninguno;-1;-1;-1;-1;-1;-1;False;0
128,1173;1499;813;Ninguno;Ninguno;Ninguno;-1;-1;-1;-1;-1;-1;False;0
128,2134;1473;792;Ninguno;Ninguno;Ninguno;-1;-1;-1;-1;-1;-1;False;0
128,3317;1430;823;Ninguno;Ninguno;Ninguno;-1;-1;-1;-1;-1;-1;False;0
128,4220;1376;846;Ninguno;Ninguno;Ninguno;-1;-1;-1;-1;-1;-1;False;0
128,5197;1012;989;Ninguno;Ninguno;Ninguno;-1;-1;-1;-1;-1;-1;False;0
128,6304;990;995;Ninguno;Ninguno;Ninguno;-1;-1;-1;-1;-1;-1;False;0
128,7266;940;910;Ninguno;Ninguno;Ninguno;-1;-1;-1;-1;-1;-1;False;0
128,8228;827;670;Ninguno;Ninguno;Ninguno;-1;-1;-1;-1;-1;-1;False;0
128,9199;827;645;Ninguno;Ninguno;Ninguno;-1;-1;-1;-1;-1;-1;False;0
129,0314;836;631;Ninguno;Ninguno;Ninguno;-1;-1;-1;-1;-1;-1;False;0
129,1277;841;637;Ninguno;Ninguno;Ninguno;-1;-1;-1;-1;-1;-1;False;0
129,2239;941;957;Ninguno;Ninguno;Ninguno;-1;-1;-1;-1;-1;-1;False;0
129,3357;946;992;Ninguno;Ninguno;Ninguno;-1;-1;-1;-1;-1;-1;False;0
129,4326;980;948;Ninguno;Ninguno;Ninguno;-1;-1;-1;-1;-1;-1;False;0
129,5449;1112;441;Ninguno;Ninguno;Ninguno;-1;-1;-1;-1;-1;-1;False;0
129,6411;1016;550;Ninguno;Ninguno;Ninguno;-1;-1;-1;-1;-1;-1;False;0
129,7373;1031;495;Ninguno;Ninguno;Ninguno;-1;-1;-1;-1;-1;-1;False;0
129,8497;1031;491;Ninguno;Ninguno;Ninguno;-1;-1;-1;-1;-1;-1;False;0
129,9459;1027;482;Ninguno;Ninguno;Ninguno;-1;-1;-1;-1;-1;-1;False;0
130,0428;1033;469;Ninguno;Ninguno;Ninguno;-1;-1;-1;-1;-1;-1;False;0
130,1544;1032;468;Ninguno;Ninguno;Ninguno;-1;-1;-1;-1;-1;-1;False;0
130,2506;1030;464;Ninguno;Ninguno;Ninguno;-1;-1;-1;-1;-1;-1;False;0
130,3630;1032;455;Ninguno;Ninguno;Ninguno;-1;-1;-1;-1;-1;-1;False;0
130,4592;1341;452;Ninguno;Ninguno;Ninguno;-1;-1;-1;-1;-1;-1;False;0
130,5718;1450;450;Ninguno;Ninguno;Ninguno;-1;-1;-1;-1;-1;-1;False;0
130,6680;1466;458;Ninguno;Ninguno;Ninguno;-1;-1;-1;-1;-1;-1;False;0
130,7804;1466;458;Ninguno;Ninguno;Ninguno;-1;-1;-1;-1;-1;-1;False;0
130,8765;1466;458;Ninguno;Ninguno;Ninguno;-1;-1;-1;-1;-1;-1;False;0
130,9733;1466;458;Ninguno;Ninguno;Ninguno;-1;-1;-1;-1;-1;-1;False;0
131,0850;1138;408;Ninguno;Ninguno;Ninguno;-1;-1;-1;-1;-1;-1;False;0
131,1813;1104;393;Ninguno;Ninguno;Ninguno;-1;-1;-1;-1;-1;-1;False;0
131,2784;1085;418;Ninguno;Ninguno;Ninguno;-1;-1;-1;-1;-1;-1;False;0
131,3899;931;627;Ninguno;Ninguno;Ninguno;-1;-1;-1;-1;-1;-1;False;0
131,4861;909;644;Ninguno;Ninguno;Ninguno;-1;-1;-1;-1;-1;-1;False;0
131,5984;904;643;Ninguno;Ninguno;Ninguno;-1;-1;-1;-1;-1;-1;False;0
131,6957;904;644;Ninguno;Ninguno;Ninguno;-1;-1;-1;-1;-1;-1;False;0
131,8070;903;648;Ninguno;Ninguno;Ninguno;-1;-1;-1;-1;-1;-1;False;0
131,9043;898;698;Ninguno;Ninguno;Ninguno;-1;-1;-1;-1;-1;-1;False;0
132,0352;907;725;Ninguno;Ninguno;Ninguno;-1;-1;-1;-1;-1;-1;False;0
132,1278;1392;535;Ninguno;Ninguno;Ninguno;-1;-1;-1;-1;-1;-1;False;0
132,2240;1487;507;Ninguno;Ninguno;Ninguno;-1;-1;-1;-1;-1;-1;False;0
132,3364;1441;513;Ninguno;Ninguno;Ninguno;-1;-1;-1;-1;-1;-1;False;0
132,4326;995;592;Ninguno;Ninguno;Ninguno;-1;-1;-1;-1;-1;-1;False;0
132,5449;931;604;Ninguno;Ninguno;Ninguno;-1;-1;-1;-1;-1;-1;False;0
132,6422;925;602;Ninguno;Ninguno;Ninguno;-1;-1;-1;-1;-1;-1;False;0
132,7535;926;593;Ninguno;Ninguno;Ninguno;-1;-1;-1;-1;-1;-1;False;0
132,8658;995;558;Ninguno;Ninguno;Ninguno;-1;-1;-1;-1;-1;-1;False;0
132,9619;995;558;DianaObjetivo;Ninguno;Ninguno;918;755;-1;-1;-1;-1;False;0
133,0743;995;558;DianaObjetivo;Ninguno;Ninguno;915;754;-1;-1;-1;-1;False;0
133,1786;807;527;DianaObjetivo;Ninguno;Ninguno;913;752;-1;-1;-1;-1;False;0
133,2828;1080;536;DianaObjetivo;Ninguno;Ninguno;912;752;-1;-1;-1;-1;False;0
133,3951;1448;566;DianaObjetivo;Ninguno;Ninguno;911;751;-1;-1;-1;-1;False;0
133,4926;1454;565;DianaObjetivo;Ninguno;Ninguno;911;751;-1;-1;-1;-1;False;0
133,6036;1689;457;DianaObjetivo;Ninguno;Ninguno;910;750;-1;-1;-1;-1;False;0
133,7161;1050;735;DianaObjetivo;Ninguno;Ninguno;910;750;-1;-1;-1;-1;False;0
133,8124;899;785;DianaObjetivo;Ninguno;Ninguno;910;750;-1;-1;-1;-1;False;0
133,9247;918;767;DianaObjetivo;Ninguno;Ninguno;910;750;-1;-1;-1;-1;False;0
134,0208;926;761;DianaObjetivo;Ninguno;Ninguno;910;750;-1;-1;-1;-1;False;0
134,1333;928;758;DianaObjetivo;Ninguno;Ninguno;910;750;-1;-1;-1;-1;False;0
134,2312;929;761;DianaObjetivo;Ninguno;Ninguno;910;750;-1;-1;-1;-1;False;0
134,3580;923;761;DianaObjetivo;Ninguno;Ninguno;910;750;-1;-1;-1;-1;False;0
134,4540;924;758;DianaObjetivo;DianaObjetivo;Ninguno;910;750;1358;817;-1;-1;False;0
134,5503;924;757;Ninguno;DianaObjetivo;Ninguno;-1;-1;1358;817;-1;-1;False;0
134,6625;923;753;Ninguno;DianaObjetivo;Ninguno;-1;-1;1382;828;-1;-1;False;0
134,7749;927;752;Ninguno;DianaObjetivo;Ninguno;-1;-1;1403;838;-1;-1;False;0
134,8834;931;747;Ninguno;DianaObjetivo;Ninguno;-1;-1;1417;846;-1;-1;False;0
134,9830;950;735;Ninguno;DianaObjetivo;Ninguno;-1;-1;1428;850;-1;-1;False;0
135,0958;963;721;Ninguno;DianaObjetivo;Ninguno;-1;-1;1434;854;-1;-1;False;0
135,1919;963;711;Ninguno;DianaObjetivo;Ninguno;-1;-1;1439;856;-1;-1;False;0
135,3037;968;701;Ninguno;DianaObjetivo;Ninguno;-1;-1;1443;858;-1;-1;False;0
135,4020;982;703;Ninguno;DianaObjetivo;Ninguno;-1;-1;1445;859;-1;-1;False;0
135,5289;1458;833;Ninguno;DianaObjetivo;Ninguno;-1;-1;1447;860;-1;-1;False;0
135,6251;1473;834;Ninguno;DianaObjetivo;Ninguno;-1;-1;1448;860;-1;-1;False;0
135,7374;1475;831;Ninguno;DianaObjetivo;Ninguno;-1;-1;1449;861;-1;-1;False;0
135,8499;1521;787;Ninguno;DianaObjetivo;Ninguno;-1;-1;1450;861;-1;-1;False;0
135,9460;1502;857;Ninguno;DianaObjetivo;Ninguno;-1;-1;1450;861;-1;-1;False;0
136,0740;1519;853;DianaObjetivo;DianaObjetivo;Ninguno;723;380;1450;861;-1;-1;False;0
136,1708;1521;851;DianaObjetivo;DianaObjetivo;Ninguno;723;380;1450;861;-1;-1;False;0
136,2670;1526;850;DianaObjetivo;Ninguno;Ninguno;724;380;-1;-1;-1;-1;False;0
136,3794;1528;850;DianaObjetivo;Ninguno;Ninguno;724;380;-1;-1;-1;-1;False;0
136,5438;1534;857;DianaObjetivo;Ninguno;Ninguno;724;380;-1;-1;-1;-1;False;0
136,5879;1538;856;DianaObjetivo;Ninguno;Ninguno;724;380;-1;-1;-1;-1;False;0
136,6993;1575;849;DianaObjetivo;Ninguno;Ninguno;724;380;-1;-1;-1;-1;False;0
136,7963;1579;850;DianaObjetivo;Ninguno;Ninguno;724;380;-1;-1;-1;-1;False;0
136,9087;1582;848;DianaObjetivo;Ninguno;Ninguno;724;380;-1;-1;-1;-1;False;0
137,0050;1563;801;DianaObjetivo;Ninguno;Ninguno;724;380;-1;-1;-1;-1;False;0
137,1171;1550;851;DianaObjetivo;Ninguno;Ninguno;724;380;-1;-1;-1;-1;False;0
137,2294;966;502;DianaObjetivo;Ninguno;Ninguno;724;380;-1;-1;-1;-1;False;0
137,3271;827;399;DianaObjetivo;Ninguno;Ninguno;724;380;-1;-1;-1;-1;False;0
137,4379;785;356;DianaObjetivo;Ninguno;Ninguno;724;380;-1;-1;-1;-1;False;0
137,5503;763;327;DianaObjetivo;Ninguno;Ninguno;724;380;-1;-1;-1;-1;False;0
137,6464;759;319;DianaObjetivo;Ninguno;Ninguno;724;380;-1;-1;-1;-1;False;0
137,7588;752;313;DianaObjetivo;Ninguno;Ninguno;724;380;-1;-1;-1;-1;False;0
137,8711;747;316;DianaObjetivo;Ninguno;Ninguno;716;377;-1;-1;-1;-1;False;0
137,9673;744;310;DianaObjetivo;Ninguno;Ninguno;712;375;-1;-1;-1;-1;False;0
138,0796;740;303;DianaObjetivo;Ninguno;Ninguno;709;374;-1;-1;-1;-1;False;0
138,1758;741;295;DianaObjetivo;Ninguno;Ninguno;707;373;-1;-1;-1;-1;False;0
138,2882;739;297;DianaObjetivo;Ninguno;Ninguno;705;373;-1;-1;-1;-1;False;0
138,4005;722;309;DianaObjetivo;Ninguno;Ninguno;704;372;-1;-1;-1;-1;False;0
138,4967;723;318;DianaObjetivo;Ninguno;Ninguno;704;372;-1;-1;-1;-1;False;0
138,6093;733;307;DianaObjetivo;Ninguno;Ninguno;703;372;-1;-1;-1;-1;False;0
138,7054;742;273;DianaObjetivo;Ninguno;Ninguno;703;372;-1;-1;-1;-1;False;0
138,8177;749;261;DianaObjetivo;Ninguno;Ninguno;703;372;-1;-1;-1;-1;False;0
138,9138;745;257;DianaObjetivo;Ninguno;Ninguno;703;372;-1;-1;-1;-1;False;0
139,0264;744;256;DianaObjetivo;Ninguno;Ninguno;703;372;-1;-1;-1;-1;False;0
139,1230;747;254;Ninguno;Ninguno;Ninguno;-1;-1;-1;-1;-1;-1;False;0
139,2346;751;247;Ninguno;Ninguno;Ninguno;-1;-1;-1;-1;-1;-1;False;0
139,3470;750;240;Ninguno;Ninguno;Ninguno;-1;-1;-1;-1;-1;-1;False;0
139,4437;745;239;Ninguno;Ninguno;Ninguno;-1;-1;-1;-1;-1;-1;False;0
139,5555;734;281;Ninguno;Ninguno;Ninguno;-1;-1;-1;-1;-1;-1;False;0
139,6681;818;273;Ninguno;Ninguno;Ninguno;-1;-1;-1;-1;-1;-1;False;0
139,7643;814;287;Ninguno;Ninguno;Ninguno;-1;-1;-1;-1;-1;-1;False;0
139,8766;809;282;Ninguno;Ninguno;Ninguno;-1;-1;-1;-1;-1;-1;False;0
139,9728;808;290;Ninguno;Ninguno;Ninguno;-1;-1;-1;-1;-1;-1;False;0
140,0852;825;241;Ninguno;Ninguno;Ninguno;-1;-1;-1;-1;-1;-1;False;0
140,1813;834;223;Ninguno;Ninguno;Ninguno;-1;-1;-1;-1;-1;-1;False;0
