tiempo,vision x,vision y,tipo estimulo A,tipo estimulo B,tipo estimulo C,AX,AY,BX,BY,CX,CY,recargando?,municion
"0,0000",1194,225,Ninguno,Ninguno,Ninguno,-1,-1,-1,-1,-1,-1,True,700
"0,0200",932,323,Ninguno,Ninguno,Ninguno,-1,-1,-1,-1,-1,-1,True,700
"0,0962",923,337,Ninguno,Ninguno,Ninguno,-1,-1,-1,-1,-1,-1,True,700
"0,2246",873,316,Ninguno,Ninguno,Ninguno,-1,-1,-1,-1,-1,-1,True,700
"0,3525",880,388,Ninguno,Ninguno,Ninguno,-1,-1,-1,-1,-1,-1,True,700
"0,4810",863,422,Ninguno,Ninguno,Ninguno,-1,-1,-1,-1,-1,-1,True,700
"0,6104",855,437,Ninguno,Ninguno,Ninguno,-1,-1,-1,-1,-1,-1,True,700
"0,7539",948,316,Ninguno,Ninguno,Ninguno,-1,-1,-1,-1,-1,-1,True,700
"0,8823",980,307,Ninguno,Ninguno,Ninguno,-1,-1,-1,-1,-1,-1,True,700
"1,0103",881,358,Ninguno,Ninguno,Ninguno,-1,-1,-1,-1,-1,-1,True,700
"1,1553",557,490,Ninguno,Ninguno,Ninguno,-1,-1,-1,-1,-1,-1,True,700
"1,2837",490,524,Ninguno,Ninguno,Ninguno,-1,-1,-1,-1,-1,-1,True,700
"1,4121",482,534,Ninguno,Ninguno,Ninguno,-1,-1,-1,-1,-1,-1,True,700
"1,5405",491,533,Ninguno,Ninguno,Ninguno,-1,-1,-1,-1,-1,-1,False,700
"1,7524",938,481,Ninguno,Ninguno,Ninguno,-1,-1,-1,-1,-1,-1,False,700
"1,8135",921,481,Ninguno,Ninguno,Ninguno,-1,-1,-1,-1,-1,-1,False,700
"1,9414",1212,503,Ninguno,Ninguno,Ninguno,-1,-1,-1,-1,-1,-1,False,700
"2,0698",1352,473,Ninguno,Ninguno,Ninguno,-1,-1,-1,-1,-1,-1,False,700
"2,1992",1338,495,Ninguno,Ninguno,Ninguno,-1,-1,-1,-1,-1,-1,False,700
"2,3423",1001,265,Ninguno,Ninguno,Ninguno,-1,-1,-1,-1,-1,-1,False,700
"2,4707",985,221,Ninguno,Ninguno,Ninguno,-1,-1,-1,-1,-1,-1,False,700
"2,6011",1016,153,Ninguno,Ninguno,Ninguno,-1,-1,-1,-1,-1,-1,False,700
"2,7437",989,158,Ninguno,Ninguno,Ninguno,-1,-1,-1,-1,-1,-1,False,700
"2,8716",967,246,Ninguno,Ninguno,Ninguno,-1,-1,-1,-1,-1,-1,False,700
"3,0005",948,278,Ninguno,Ninguno,Ninguno,-1,-1,-1,-1,-1,-1,False,700
"3,1289",953,291,Ninguno,Ninguno,Ninguno,-1,-1,-1,-1,-1,-1,False,700
"3,2729",954,287,Ninguno,Ninguno,Ninguno,-1,-1,-1,-1,-1,-1,False,700
"3,4014",957,292,Ninguno,Ninguno,Ninguno,-1,-1,-1,-1,-1,-1,False,700
"3,5293",807,334,Ninguno,Ninguno,Ninguno,-1,-1,-1,-1,-1,-1,False,700
"3,6860",1062,488,Ninguno,Ninguno,Ninguno,-1,-1,-1,-1,-1,-1,False,700
"3,8027",1078,476,Ninguno,Ninguno,Ninguno,-1,-1,-1,-1,-1,-1,False,700
"3,9307",1080,461,Ninguno,Ninguno,Ninguno,-1,-1,-1,-1,-1,-1,False,700
"4,0591",764,435,Ninguno,Ninguno,Ninguno,-1,-1,-1,-1,-1,-1,False,700
"4,2031",719,432,Ninguno,Ninguno,Ninguno,-1,-1,-1,-1,-1,-1,False,700
"4,4385",541,272,Ninguno,Ninguno,Ninguno,-1,-1,-1,-1,-1,-1,False,700
"4,5400",383,217,Ninguno,Ninguno,Ninguno,-1,-1,-1,-1,-1,-1,False,700
"4,6045",317,192,Ninguno,Ninguno,Ninguno,-1,-1,-1,-1,-1,-1,False,700
"4,7329",391,182,Ninguno,Ninguno,Ninguno,-1,-1,-1,-1,-1,-1,False,700
"4,8613",1182,435,Ninguno,Ninguno,Ninguno,-1,-1,-1,-1,-1,-1,False,700
"4,9907",1174,448,Ninguno,Ninguno,Ninguno,-1,-1,-1,-1,-1,-1,False,700
"5,1343",1017,471,Ninguno,Ninguno,Ninguno,-1,-1,-1,-1,-1,-1,False,700
"5,2622",777,431,Ninguno,Ninguno,Ninguno,-1,-1,-1,-1,-1,-1,False,700
"5,3916",853,461,Ninguno,Ninguno,Ninguno,-1,-1,-1,-1,-1,-1,False,700
"5,5352",941,442,Ninguno,Ninguno,Ninguno,-1,-1,-1,-1,-1,-1,False,700
"5,6636",878,489,Ninguno,Ninguno,Ninguno,-1,-1,-1,-1,-1,-1,False,700
"5,7925",776,511,Ninguno,Ninguno,Ninguno,-1,-1,-1,-1,-1,-1,False,700
"5,9360",804,555,Ninguno,Ninguno,Ninguno,-1,-1,-1,-1,-1,-1,False,700
"6,0645",742,597,Ninguno,Ninguno,Ninguno,-1,-1,-1,-1,-1,-1,False,700
"6,1929",661,551,Ninguno,Ninguno,Ninguno,-1,-1,-1,-1,-1,-1,False,700
"6,3374",660,583,Ninguno,Ninguno,Ninguno,-1,-1,-1,-1,-1,-1,False,700
"6,4658",991,577,Ninguno,Ninguno,Ninguno,-1,-1,-1,-1,-1,-1,False,700
"6,5942",986,549,Ninguno,Ninguno,Ninguno,-1,-1,-1,-1,-1,-1,False,700
"6,7388",1045,548,Ninguno,Ninguno,Ninguno,-1,-1,-1,-1,-1,-1,False,700
"6,8662",1309,549,Ninguno,Ninguno,Ninguno,-1,-1,-1,-1,-1,-1,False,700
"6,9946",1143,494,Ninguno,Ninguno,Ninguno,-1,-1,-1,-1,-1,-1,False,700
"7,1235",993,458,Ninguno,Ninguno,Ninguno,-1,-1,-1,-1,-1,-1,False,700
"7,2515",987,456,Ninguno,Ninguno,Ninguno,-1,-1,-1,-1,-1,-1,False,700
"7,3960",901,398,Ninguno,Ninguno,Ninguno,-1,-1,-1,-1,-1,-1,False,700
"7,5244",913,421,Ninguno,Ninguno,Ninguno,-1,-1,-1,-1,-1,-1,False,700
"7,6528",747,467,Ninguno,Ninguno,Ninguno,-1,-1,-1,-1,-1,-1,False,700
"7,7813",513,238,Ninguno,Ninguno,Ninguno,-1,-1,-1,-1,-1,-1,False,700
"7,9092",448,137,Ninguno,Ninguno,Ninguno,-1,-1,-1,-1,-1,-1,False,700
"8,0542",327,151,Ninguno,Ninguno,Ninguno,-1,-1,-1,-1,-1,-1,False,700
"8,1821",269,88,Ninguno,Ninguno,Ninguno,-1,-1,-1,-1,-1,-1,False,700
"8,3105",290,149,Ninguno,Ninguno,Ninguno,-1,-1,-1,-1,-1,-1,False,700
"8,5518",296,146,Ninguno,Ninguno,Ninguno,-1,-1,-1,-1,-1,-1,False,700
"8,6553",413,210,Ninguno,Ninguno,Ninguno,-1,-1,-1,-1,-1,-1,False,700
"8,7119",525,266,Ninguno,Ninguno,Ninguno,-1,-1,-1,-1,-1,-1,False,700
"8,9204",552,261,Ninguno,Ninguno,Ninguno,-1,-1,-1,-1,-1,-1,False,700
"8,9844",618,297,Ninguno,Ninguno,Ninguno,-1,-1,-1,-1,-1,-1,False,700
"9,1128",616,436,Ninguno,Ninguno,Ninguno,-1,-1,-1,-1,-1,-1,False,700
"9,2412",589,549,Ninguno,Ninguno,Ninguno,-1,-1,-1,-1,-1,-1,False,700
"9,3706",559,588,Ninguno,Ninguno,Ninguno,-1,-1,-1,-1,-1,-1,False,700
"9,5137",541,579,Ninguno,Ninguno,Ninguno,-1,-1,-1,-1,-1,-1,False,700
"9,6421",606,588,Ninguno,Ninguno,Ninguno,-1,-1,-1,-1,-1,-1,False,700
"9,7705",803,577,Ninguno,Ninguno,Ninguno,-1,-1,-1,-1,-1,-1,False,700
"9,9150",814,552,Ninguno,Ninguno,Ninguno,-1,-1,-1,-1,-1,-1,False,700
"10,0430",921,544,Ninguno,Ninguno,Ninguno,-1,-1,-1,-1,-1,-1,False,700
"10,1714",836,535,Ninguno,Ninguno,Ninguno,-1,-1,-1,-1,-1,-1,False,700
"10,3159",1021,552,Ninguno,Ninguno,Ninguno,-1,-1,-1,-1,-1,-1,False,700
"10,4443",1351,580,Ninguno,Ninguno,Ninguno,-1,-1,-1,-1,-1,-1,False,700
"10,5728",1232,529,Ninguno,Ninguno,Ninguno,-1,-1,-1,-1,-1,-1,False,700
"10,7012",960,461,Ninguno,Ninguno,Ninguno,-1,-1,-1,-1,-1,-1,False,700
"10,8452",898,448,Ninguno,Ninguno,Ninguno,-1,-1,-1,-1,-1,-1,False,700
"10,9736",871,443,Ninguno,Ninguno,Ninguno,-1,-1,-1,-1,-1,-1,False,700
"11,1025",717,429,Ninguno,Ninguno,Ninguno,-1,-1,-1,-1,-1,-1,False,700
"11,2471",660,432,Ninguno,Ninguno,Ninguno,-1,-1,-1,-1,-1,-1,False,700
"11,3755",365,211,Ninguno,Ninguno,Ninguno,-1,-1,-1,-1,-1,-1,False,700
"11,5034",370,192,Ninguno,Ninguno,Ninguno,-1,-1,-1,-1,-1,-1,False,700
"11,6318",274,188,Ninguno,Ninguno,Ninguno,-1,-1,-1,-1,-1,-1,False,700
"11,7764",240,168,Ninguno,Ninguno,Ninguno,-1,-1,-1,-1,-1,-1,False,700
"11,9048",273,185,Ninguno,Ninguno,Ninguno,-1,-1,-1,-1,-1,-1,False,700
"12,0327",214,99,Ninguno,Ninguno,Ninguno,-1,-1,-1,-1,-1,-1,False,700
"12,1611",276,161,Ninguno,Ninguno,Ninguno,-1,-1,-1,-1,-1,-1,False,700
"12,2910",289,222,Ninguno,Ninguno,Ninguno,-1,-1,-1,-1,-1,-1,True,700
"12,4341",248,159,Ninguno,Ninguno,Ninguno,-1,-1,-1,-1,-1,-1,True,700
"12,5625",267,187,Ninguno,Ninguno,Ninguno,-1,-1,-1,-1,-1,-1,True,700
"12,6904",268,132,Ninguno,Ninguno,Ninguno,-1,-1,-1,-1,-1,-1,True,700
"12,8350",261,144,Ninguno,Ninguno,Ninguno,-1,-1,-1,-1,-1,-1,True,700
"12,9629",293,199,Ninguno,Ninguno,Ninguno,-1,-1,-1,-1,-1,-1,True,700
"13,0957",288,243,Ninguno,Ninguno,Ninguno,-1,-1,-1,-1,-1,-1,True,700
"13,2363",321,270,Ninguno,Ninguno,Ninguno,-1,-1,-1,-1,-1,-1,True,700
"13,3648",295,292,Ninguno,Ninguno,Ninguno,-1,-1,-1,-1,-1,-1,True,700
"13,4927",818,384,Ninguno,Ninguno,Ninguno,-1,-1,-1,-1,-1,-1,True,700
"13,6372",920,424,Ninguno,Ninguno,Ninguno,-1,-1,-1,-1,-1,-1,True,700
"13,7656",917,404,Ninguno,Ninguno,Ninguno,-1,-1,-1,-1,-1,-1,False,700
"13,8936",648,370,Ninguno,Ninguno,Ninguno,-1,-1,-1,-1,-1,-1,False,700
"14,0386",339,350,Ninguno,Ninguno,Ninguno,-1,-1,-1,-1,-1,-1,False,700
"14,1660",322,281,Ninguno,Ninguno,Ninguno,-1,-1,-1,-1,-1,-1,False,700
"14,3106",302,260,Ninguno,Ninguno,Ninguno,-1,-1,-1,-1,-1,-1,False,700
"14,4390",268,182,Ninguno,Ninguno,Ninguno,-1,-1,-1,-1,-1,-1,False,700
"14,5674",299,139,Ninguno,Ninguno,Ninguno,-1,-1,-1,-1,-1,-1,False,700
"14,7119",317,173,Ninguno,Ninguno,Ninguno,-1,-1,-1,-1,-1,-1,False,700
"14,8403",311,197,Ninguno,Ninguno,Ninguno,-1,-1,-1,-1,-1,-1,False,700
"14,9849",310,203,Ninguno,Ninguno,Ninguno,-1,-1,-1,-1,-1,-1,False,700
"15,1128",746,444,Ninguno,Ninguno,Ninguno,-1,-1,-1,-1,-1,-1,False,700
"15,2412",917,501,Ninguno,Ninguno,Ninguno,-1,-1,-1,-1,-1,-1,False,700
"15,3862",923,482,Ninguno,Ninguno,Ninguno,-1,-1,-1,-1,-1,-1,False,700
"15,5220",961,504,Ninguno,Ninguno,Ninguno,-1,-1,-1,-1,-1,-1,False,700
"15,6587",627,258,Ninguno,Ninguno,Ninguno,-1,-1,-1,-1,-1,-1,False,700
"15,7871",609,210,Ninguno,Ninguno,Ninguno,-1,-1,-1,-1,-1,-1,False,700
"15,9312",416,201,Ninguno,Ninguno,Ninguno,-1,-1,-1,-1,-1,-1,False,700
"16,0596",647,375,Ninguno,Ninguno,Ninguno,-1,-1,-1,-1,-1,-1,False,700
"16,1880",776,431,Ninguno,Ninguno,Ninguno,-1,-1,-1,-1,-1,-1,False,700
"16,3325",765,447,Ninguno,Ninguno,Ninguno,-1,-1,-1,-1,-1,-1,False,700
"16,4605",789,432,Ninguno,Ninguno,Ninguno,-1,-1,-1,-1,-1,-1,False,700
"16,6050",695,352,Ninguno,Ninguno,Ninguno,-1,-1,-1,-1,-1,-1,False,700
"16,7334",455,285,DianaObjetivo,Ninguno,Ninguno,749,377,-1,-1,-1,-1,False,700
"16,9434",440,243,DianaObjetivo,Ninguno,Ninguno,762,375,-1,-1,-1,-1,False,700
"17,0059",439,244,DianaObjetivo,Ninguno,Ninguno,765,377,-1,-1,-1,-1,False,700
"17,1362",716,403,DianaObjetivo,Ninguno,Ninguno,776,374,-1,-1,-1,-1,False,700
"17,2788",664,435,DianaObjetivo,Ninguno,Ninguno,779,373,-1,-1,-1,-1,False,700
"17,4072",924,444,DianaObjetivo,Ninguno,Ninguno,781,373,-1,-1,-1,-1,False,700
"17,5356",1132,464,DianaObjetivo,Ninguno,Ninguno,782,373,-1,-1,-1,-1,False,700
"17,6636",1161,431,DianaObjetivo,Ninguno,Ninguno,783,373,-1,-1,-1,-1,False,700
"17,8667",895,449,DianaObjetivo,Ninguno,Ninguno,784,373,-1,-1,-1,-1,False,700
"17,9204",857,450,DianaObjetivo,Ninguno,Ninguno,784,373,-1,-1,-1,-1,False,700
"18,0488",850,453,DianaObjetivo,DianaObjetivo,Ninguno,784,373,1358,817,-1,-1,False,700
"18,1768",855,443,DianaObjetivo,DianaObjetivo,Ninguno,784,373,1358,817,-1,-1,False,700
"18,3057",861,437,DianaObjetivo,DianaObjetivo,Ninguno,784,373,1358,817,-1,-1,False,700
"18,4341",812,406,DianaObjetivo,DianaObjetivo,Ninguno,784,373,1358,817,-1,-1,False,700
"18,5620",816,363,DianaObjetivo,DianaObjetivo,Ninguno,784,373,1358,817,-1,-1,False,700
"18,6904",812,366,DianaObjetivo,DianaObjetivo,Ninguno,784,373,1358,817,-1,-1,False,700
"18,8184",804,364,DianaObjetivo,DianaObjetivo,Ninguno,764,375,1346,825,-1,-1,False,700
"18,9473",795,355,DianaObjetivo,DianaObjetivo,Ninguno,750,377,1337,831,-1,-1,False,700
"19,1553",796,343,DianaObjetivo,DianaObjetivo,Ninguno,741,378,1330,835,-1,-1,False,700
"19,2910",795,344,DianaObjetivo,DianaObjetivo,Ninguno,732,379,1324,838,-1,-1,False,700
"19,3486",797,346,DianaObjetivo,DianaObjetivo,Ninguno,731,378,1324,839,-1,-1,False,700
"19,4766",796,343,DianaObjetivo,DianaObjetivo,Ninguno,728,379,1321,840,-1,-1,False,700
"19,6216",795,336,Ninguno,DianaObjetivo,Ninguno,-1,-1,1319,841,-1,-1,False,700
"19,7495",784,327,Ninguno,DianaObjetivo,Ninguno,-1,-1,1319,841,-1,-1,False,700
"19,8779",766,332,Ninguno,DianaObjetivo,Ninguno,-1,-1,1318,841,-1,-1,False,700
"20,0059",743,329,Ninguno,DianaObjetivo,Ninguno,-1,-1,1318,841,-1,-1,False,700
"20,1509",1140,618,Ninguno,DianaObjetivo,Ninguno,-1,-1,1318,842,-1,-1,False,700
"20,2788",1250,680,Ninguno,DianaObjetivo,Ninguno,-1,-1,1318,842,-1,-1,False,700
"20,4233",1286,730,Ninguno,DianaObjetivo,Ninguno,-1,-1,1317,842,-1,-1,False,700
"20,5513",1287,734,Ninguno,DianaObjetivo,Ninguno,-1,-1,1317,842,-1,-1,False,700
"20,6807",1303,755,Ninguno,DianaObjetivo,Ninguno,-1,-1,1317,842,-1,-1,False,700
"20,8242",1323,772,Ninguno,DianaObjetivo,Ninguno,-1,-1,1317,842,-1,-1,False,700
"20,9526",1323,792,DianaErroena,DianaObjetivo,Ninguno,1146,464,1317,842,-1,-1,False,700
"21,0962",1323,785,DianaErroena,Ninguno,Ninguno,1146,464,-1,-1,-1,-1,False,700
"21,2412",1330,785,DianaErroena,Ninguno,Ninguno,1146,464,-1,-1,-1,-1,False,700
"21,3857",1322,784,DianaErroena,Ninguno,Ninguno,1146,464,-1,-1,-1,-1,False,700
"21,5142",1332,782,DianaErroena,Ninguno,Ninguno,1146,464,-1,-1,-1,-1,False,700
"21,6587",1323,772,DianaErroena,Ninguno,Ninguno,1146,464,-1,-1,-1,-1,False,700
"21,7876",1330,775,DianaErroena,Ninguno,Ninguno,1146,464,-1,-1,-1,-1,False,700
"21,9155",1182,711,DianaErroena,Ninguno,Ninguno,1146,464,-1,-1,-1,-1,False,700
"22,0601",703,459,DianaErroena,Ninguno,Ninguno,1146,464,-1,-1,-1,-1,False,700
"22,1885",551,369,DianaErroena,Ninguno,Ninguno,1161,456,-1,-1,-1,-1,False,700
"22,3330",577,342,DianaErroena,DianaObjetivo,Ninguno,1169,452,930,752,-1,-1,False,700
"22,4609",1221,436,DianaErroena,DianaObjetivo,Ninguno,1174,449,935,749,-1,-1,False,700
"22,5894",1172,433,DianaErroena,DianaObjetivo,Ninguno,1177,448,938,746,-1,-1,False,700
"22,7178",1167,442,DianaErroena,DianaObjetivo,Ninguno,1179,447,940,745,-1,-1,False,700
"22,8481",1164,411,DianaErroena,DianaObjetivo,Ninguno,1180,446,941,744,-1,-1,False,700
"22,9907",1171,419,Ninguno,DianaObjetivo,Ninguno,-1,-1,942,744,-1,-1,False,690
"23,1851",1192,420,Ninguno,DianaObjetivo,Ninguno,-1,-1,943,743,-1,-1,False,690
"23,3208",1203,420,Ninguno,DianaObjetivo,Ninguno,-1,-1,943,743,-1,-1,False,690
"23,3755",1192,393,Ninguno,DianaObjetivo,Ninguno,-1,-1,943,743,-1,-1,False,690
"23,5039",1207,417,Ninguno,DianaObjetivo,Ninguno,-1,-1,943,743,-1,-1,False,690
"23,6323",1197,371,Ninguno,DianaObjetivo,Ninguno,-1,-1,944,743,-1,-1,False,690
"23,7607",1166,410,Ninguno,DianaObjetivo,Ninguno,-1,-1,944,743,-1,-1,False,690
"23,8906",1005,428,Ninguno,DianaObjetivo,Ninguno,-1,-1,944,743,-1,-1,False,690
"24,0332",1086,468,Ninguno,DianaObjetivo,Ninguno,-1,-1,944,743,-1,-1,False,690
"24,1616",1101,445,Ninguno,DianaObjetivo,Ninguno,-1,-1,944,743,-1,-1,False,690
"24,2900",736,341,Ninguno,DianaObjetivo,Ninguno,-1,-1,944,743,-1,-1,False,690
"24,4185",680,391,Ninguno,DianaObjetivo,Ninguno,-1,-1,944,743,-1,-1,False,690
"24,5469",676,317,Ninguno,DianaObjetivo,Ninguno,-1,-1,944,743,-1,-1,False,690
"24,6753",592,407,Ninguno,DianaObjetivo,Ninguno,-1,-1,944,743,-1,-1,False,690
"24,8032",615,441,Ninguno,DianaObjetivo,Ninguno,-1,-1,944,743,-1,-1,False,690
"24,9321",901,587,Ninguno,DianaObjetivo,Ninguno,-1,-1,944,743,-1,-1,False,690
"25,0601",912,658,Ninguno,DianaObjetivo,Ninguno,-1,-1,944,743,-1,-1,False,690
"25,1880",931,679,Ninguno,Ninguno,Ninguno,-1,-1,-1,-1,-1,-1,False,690
"25,3169",895,674,Ninguno,Ninguno,Ninguno,-1,-1,-1,-1,-1,-1,False,690
"25,4453",913,677,Ninguno,Ninguno,Ninguno,-1,-1,-1,-1,-1,-1,False,690
"25,5737",931,672,Ninguno,Ninguno,Ninguno,-1,-1,-1,-1,-1,-1,False,690
"25,7017",945,677,Ninguno,Ninguno,Ninguno,-1,-1,-1,-1,-1,-1,False,690
"25,8301",942,665,Ninguno,Ninguno,Ninguno,-1,-1,-1,-1,-1,-1,False,690
"25,9585",943,684,Ninguno,Ninguno,Ninguno,-1,-1,-1,-1,-1,-1,False,690
"26,0874",945,665,Ninguno,Ninguno,Ninguno,-1,-1,-1,-1,-1,-1,False,690
"26,2158",944,651,Ninguno,Ninguno,Ninguno,-1,-1,-1,-1,-1,-1,False,690
"26,3438",940,681,Ninguno,Ninguno,Ninguno,-1,-1,-1,-1,-1,-1,False,690
"26,4727",938,675,Ninguno,Ninguno,Ninguno,-1,-1,-1,-1,-1,-1,False,690
"26,6006",977,652,Ninguno,Ninguno,Ninguno,-1,-1,-1,-1,-1,-1,False,690
"26,7290",947,674,Ninguno,Ninguno,Ninguno,-1,-1,-1,-1,-1,-1,False,690
"26,8594",960,678,Ninguno,Ninguno,Ninguno,-1,-1,-1,-1,-1,-1,False,690
"27,0020",964,682,Ninguno,Ninguno,Ninguno,-1,-1,-1,-1,-1,-1,False,690
"27,1299",969,680,Ninguno,Ninguno,Ninguno,-1,-1,-1,-1,-1,-1,False,690
"27,2744",966,632,Ninguno,Ninguno,Ninguno,-1,-1,-1,-1,-1,-1,False,690
"27,3862",900,433,Ninguno,Ninguno,Ninguno,-1,-1,-1,-1,-1,-1,False,690
"27,5313",832,308,Ninguno,Ninguno,Ninguno,-1,-1,-1,-1,-1,-1,False,690
"27,6597",896,377,Ninguno,Ninguno,Ninguno,-1,-1,-1,-1,-1,-1,False,690
"27,7876",947,390,Ninguno,Ninguno,Ninguno,-1,-1,-1,-1,-1,-1,False,690
"27,9160",943,353,Ninguno,Ninguno,Ninguno,-1,-1,-1,-1,-1,-1,False,690
"28,0449",1190,444,Ninguno,Ninguno,Ninguno,-1,-1,-1,-1,-1,-1,False,690
"28,1885",1221,419,Ninguno,Ninguno,Ninguno,-1,-1,-1,-1,-1,-1,False,690
"28,3174",927,427,Ninguno,Ninguno,Ninguno,-1,-1,-1,-1,-1,-1,False,690
"28,4609",811,388,Ninguno,Ninguno,Ninguno,-1,-1,-1,-1,-1,-1,False,690
"28,5894",822,407,Ninguno,Ninguno,Ninguno,-1,-1,-1,-1,-1,-1,False,690
"28,7183",750,424,Ninguno,Ninguno,Ninguno,-1,-1,-1,-1,-1,-1,False,690
"28,8467",715,439,Ninguno,Ninguno,Ninguno,-1,-1,-1,-1,-1,-1,False,690
"28,9815",1122,367,Ninguno,Ninguno,Ninguno,-1,-1,-1,-1,-1,-1,False,690
"29,1191",1139,352,Ninguno,Ninguno,Ninguno,-1,-1,-1,-1,-1,-1,False,690
"29,2476",978,402,Ninguno,Ninguno,Ninguno,-1,-1,-1,-1,-1,-1,False,690
"29,3921",906,392,Ninguno,Ninguno,Ninguno,-1,-1,-1,-1,-1,-1,False,690
"29,5200",788,431,Ninguno,Ninguno,Ninguno,-1,-1,-1,-1,-1,-1,False,690
"29,6646",769,437,Ninguno,Ninguno,Ninguno,-1,-1,-1,-1,-1,-1,False,690
"29,7935",786,422,Ninguno,Ninguno,Ninguno,-1,-1,-1,-1,-1,-1,False,690
"29,9375",813,434,Ninguno,Ninguno,Ninguno,-1,-1,-1,-1,-1,-1,False,690
"30,0820",757,467,Ninguno,Ninguno,Ninguno,-1,-1,-1,-1,-1,-1,False,690
"30,2100",742,502,Ninguno,Ninguno,Ninguno,-1,-1,-1,-1,-1,-1,False,690
"30,3540",748,502,Ninguno,Ninguno,Ninguno,-1,-1,-1,-1,-1,-1,False,690
"30,4824",751,502,Ninguno,Ninguno,Ninguno,-1,-1,-1,-1,-1,-1,False,690
"30,6274",764,505,Ninguno,Ninguno,Ninguno,-1,-1,-1,-1,-1,-1,False,690
"30,7710",768,497,DianaErroena,Ninguno,Ninguno,1143,462,-1,-1,-1,-1,False,690
"30,8999",733,475,DianaErroena,Ninguno,Ninguno,1141,461,-1,-1,-1,-1,False,690
"31,0444",727,441,DianaErroena,Ninguno,Ninguno,1140,460,-1,-1,-1,-1,False,690
"31,1890",746,458,DianaErroena,Ninguno,Ninguno,1139,460,-1,-1,-1,-1,False,690
"31,3169",768,492,DianaErroena,Ninguno,Ninguno,1138,460,-1,-1,-1,-1,False,690
"31,4614",867,476,DianaErroena,Ninguno,Ninguno,1138,459,-1,-1,-1,-1,False,690
"31,5894",1089,448,DianaErroena,Ninguno,Ninguno,1138,459,-1,-1,-1,-1,False,690
"31,7344",1138,420,DianaErroena,Ninguno,Ninguno,1138,459,-1,-1,-1,-1,False,690
"31,8628",1150,431,DianaErroena,Ninguno,Ninguno,1138,459,-1,-1,-1,-1,False,690
"32,0068",1115,428,DianaErroena,Ninguno,Ninguno,1138,459,-1,-1,-1,-1,False,690
"32,1509",1150,418,Ninguno,DianaErroena,Ninguno,-1,-1,1358,817,-1,-1,False,690
"32,2959",1148,385,Ninguno,DianaErroena,Ninguno,-1,-1,1358,817,-1,-1,False,690
"32,4238",1089,438,Ninguno,DianaErroena,Ninguno,-1,-1,1358,817,-1,-1,False,690
"32,5684",1151,405,Ninguno,DianaErroena,Ninguno,-1,-1,1358,817,-1,-1,False,690
"32,6978",1157,405,Ninguno,DianaErroena,Ninguno,-1,-1,1358,817,-1,-1,False,690
"32,8408",1135,408,Ninguno,DianaErroena,Ninguno,-1,-1,1361,815,-1,-1,False,690
"32,9854",1125,423,Ninguno,DianaErroena,Ninguno,-1,-1,1363,814,-1,-1,False,690
"33,1201",1317,634,Ninguno,DianaErroena,Ninguno,-1,-1,1365,813,-1,-1,False,690
"33,2583",1348,720,Ninguno,DianaErroena,Ninguno,-1,-1,1365,813,-1,-1,False,690
"33,4023",1355,726,Ninguno,DianaErroena,Ninguno,-1,-1,1365,813,-1,-1,False,690
"33,5313",1357,753,DianaErroena,DianaErroena,Ninguno,1147,464,1366,812,-1,-1,False,690
"33,6748",1354,747,DianaErroena,DianaErroena,Ninguno,1147,464,1366,812,-1,-1,False,690
"33,8198",1357,742,DianaErroena,DianaErroena,Ninguno,1147,464,1366,812,-1,-1,False,690
"33,9478",1363,767,DianaErroena,DianaErroena,Ninguno,1147,464,1366,812,-1,-1,False,690
"34,0928",1367,768,DianaErroena,DianaErroena,Ninguno,1147,464,1366,812,-1,-1,False,690
"34,2207",1365,753,DianaErroena,DianaErroena,Ninguno,1147,464,1366,812,-1,-1,False,690
"34,3652",1403,781,DianaErroena,DianaErroena,Ninguno,1147,464,1366,812,-1,-1,False,690
"34,5864",1387,778,DianaErroena,DianaErroena,Ninguno,1147,464,1366,812,-1,-1,False,690
"34,6377",1382,777,DianaErroena,DianaErroena,Ninguno,1147,464,1366,812,-1,-1,False,680
"34,7822",1330,778,DianaErroena,DianaErroena,Ninguno,1147,464,1366,812,-1,-1,False,680
"34,9985",1185,744,DianaErroena,DianaErroena,DianaObjetivo,1147,464,1366,812,723,380,False,680
"35,0547",903,629,DianaErroena,Ninguno,DianaObjetivo,1147,464,-1,-1,723,380,False,680
"35,1992",806,594,DianaErroena,Ninguno,DianaObjetivo,1147,464,-1,-1,723,380,False,680
"35,3276",1015,527,DianaErroena,Ninguno,DianaObjetivo,1147,464,-1,-1,723,380,False,680
"35,4722",1110,438,DianaErroena,Ninguno,DianaObjetivo,1147,464,-1,-1,723,380,False,680
"35,6001",1136,450,DianaErroena,Ninguno,DianaObjetivo,1147,464,-1,-1,723,380,False,680
"35,7446",1134,446,DianaErroena,Ninguno,DianaObjetivo,1147,464,-1,-1,723,380,False,680
"35,8731",1144,435,DianaErroena,Ninguno,DianaObjetivo,1147,464,-1,-1,723,380,False,680
"36,0176",1132,428,Ninguno,Ninguno,DianaObjetivo,-1,-1,-1,-1,704,369,False,680
"36,1621",1017,521,Ninguno,Ninguno,DianaObjetivo,-1,-1,-1,-1,691,362,False,680
"36,2905",953,643,Ninguno,Ninguno,DianaObjetivo,-1,-1,-1,-1,684,358,False,680
"36,4346",955,698,DianaObjetivo,Ninguno,DianaObjetivo,1142,462,-1,-1,680,356,False,680
"36,5630",958,692,DianaObjetivo,Ninguno,DianaObjetivo,1138,461,-1,-1,677,355,False,680
"36,7070",1161,475,DianaObjetivo,Ninguno,DianaObjetivo,1137,461,-1,-1,675,354,False,680
"36,8359",1158,461,DianaObjetivo,Ninguno,DianaObjetivo,1135,460,-1,-1,674,354,False,680
"36,9712",1163,443,DianaObjetivo,Ninguno,DianaObjetivo,1135,460,-1,-1,674,353,False,680
"37,0923",1174,465,DianaObjetivo,Ninguno,DianaObjetivo,1134,460,-1,-1,673,353,False,680
"37,2368",1148,452,DianaObjetivo,Ninguno,DianaObjetivo,1134,460,-1,-1,673,353,False,680
"37,3652",1075,463,DianaObjetivo,Ninguno,DianaObjetivo,1134,460,-1,-1,673,353,False,680
"37,4937",1111,462,Ninguno,Ninguno,DianaObjetivo,-1,-1,-1,-1,673,353,False,680
"37,7046",1124,456,Ninguno,Ninguno,DianaObjetivo,-1,-1,-1,-1,673,353,False,670
"37,8452",1144,437,Ninguno,Ninguno,Ninguno,-1,-1,-1,-1,-1,-1,False,670
"37,9106",1113,423,Ninguno,Ninguno,Ninguno,-1,-1,-1,-1,-1,-1,False,670
"38,0386",1175,420,Ninguno,Ninguno,Ninguno,-1,-1,-1,-1,-1,-1,False,670
"38,2559",1154,421,Ninguno,Ninguno,Ninguno,-1,-1,-1,-1,-1,-1,False,670
"38,3120",1135,419,Ninguno,Ninguno,Ninguno,-1,-1,-1,-1,-1,-1,False,670
"38,4556",1142,425,Ninguno,Ninguno,Ninguno,-1,-1,-1,-1,-1,-1,False,670
"38,5845",1160,471,Ninguno,Ninguno,Ninguno,-1,-1,-1,-1,-1,-1,False,670
"38,7134",1149,452,Ninguno,Ninguno,Ninguno,-1,-1,-1,-1,-1,-1,False,670
"38,8408",1041,393,Ninguno,Ninguno,Ninguno,-1,-1,-1,-1,-1,-1,False,670
"38,9976",1002,360,Ninguno,Ninguno,Ninguno,-1,-1,-1,-1,-1,-1,False,670
"39,1133",1017,394,Ninguno,Ninguno,Ninguno,-1,-1,-1,-1,-1,-1,False,670
"39,2437",922,629,Ninguno,Ninguno,Ninguno,-1,-1,-1,-1,-1,-1,False,670
"39,3940",926,663,Ninguno,Ninguno,Ninguno,-1,-1,-1,-1,-1,-1,False,670
"39,5147",873,636,Ninguno,Ninguno,Ninguno,-1,-1,-1,-1,-1,-1,False,670
"39,6431",705,297,Ninguno,Ninguno,Ninguno,-1,-1,-1,-1,-1,-1,False,670
"39,7876",726,305,Ninguno,Ninguno,Ninguno,-1,-1,-1,-1,-1,-1,False,670
"39,9155",744,330,Ninguno,Ninguno,Ninguno,-1,-1,-1,-1,-1,-1,False,670
"40,0444",675,300,Ninguno,Ninguno,Ninguno,-1,-1,-1,-1,-1,-1,False,670
"40,1724",762,329,Ninguno,Ninguno,Ninguno,-1,-1,-1,-1,-1,-1,False,670
"40,3003",435,302,Ninguno,Ninguno,Ninguno,-1,-1,-1,-1,-1,-1,False,670
"40,4292",327,304,Ninguno,Ninguno,Ninguno,-1,-1,-1,-1,-1,-1,False,670
"40,5732",275,311,Ninguno,Ninguno,Ninguno,-1,-1,-1,-1,-1,-1,False,670
"40,7022",262,324,Ninguno,Ninguno,Ninguno,-1,-1,-1,-1,-1,-1,False,670
"40,8301",729,474,Ninguno,Ninguno,Ninguno,-1,-1,-1,-1,-1,-1,False,670
"40,9741",858,483,Ninguno,Ninguno,Ninguno,-1,-1,-1,-1,-1,-1,False,670
"41,1133",1033,505,Ninguno,Ninguno,Ninguno,-1,-1,-1,-1,-1,-1,False,670
"41,2305",1152,494,Ninguno,Ninguno,Ninguno,-1,-1,-1,-1,-1,-1,False,670
"41,3755",1030,545,Ninguno,Ninguno,Ninguno,-1,-1,-1,-1,-1,-1,False,670
"41,5039",954,557,Ninguno,Ninguno,Ninguno,-1,-1,-1,-1,-1,-1,False,670
"41,6318",927,610,Ninguno,Ninguno,Ninguno,-1,-1,-1,-1,-1,-1,False,670
"41,7607",912,728,Ninguno,Ninguno,Ninguno,-1,-1,-1,-1,-1,-1,False,670
"41,8897",889,879,Ninguno,Ninguno,Ninguno,-1,-1,-1,-1,-1,-1,False,670
"42,0166",854,448,Ninguno,Ninguno,Ninguno,-1,-1,-1,-1,-1,-1,False,670
"42,1470",854,393,Ninguno,Ninguno,Ninguno,-1,-1,-1,-1,-1,-1,False,670
"42,2739",862,386,Ninguno,Ninguno,Ninguno,-1,-1,-1,-1,-1,-1,False,670
"42,4023",842,460,Ninguno,Ninguno,Ninguno,-1,-1,-1,-1,-1,-1,False,670
"42,5308",851,450,Ninguno,Ninguno,Ninguno,-1,-1,-1,-1,-1,-1,False,670
"42,6431",875,460,Ninguno,Ninguno,Ninguno,-1,-1,-1,-1,-1,-1,False,670
"42,7710",1041,473,Ninguno,Ninguno,Ninguno,-1,-1,-1,-1,-1,-1,False,670
"42,8999",1076,479,Ninguno,Ninguno,Ninguno,-1,-1,-1,-1,-1,-1,False,670
"43,0122",1089,481,Ninguno,Ninguno,Ninguno,-1,-1,-1,-1,-1,-1,False,670
"43,1406",972,457,Ninguno,Ninguno,Ninguno,-1,-1,-1,-1,-1,-1,False,670
"43,2803",934,447,Ninguno,Ninguno,Ninguno,-1,-1,-1,-1,-1,-1,False,670
"43,3975",928,445,Ninguno,Ninguno,Ninguno,-1,-1,-1,-1,-1,-1,False,670
"43,5259",1032,474,DianaErroena,Ninguno,Ninguno,1553,442,-1,-1,-1,-1,False,670
"43,6377",1123,489,DianaErroena,Ninguno,Ninguno,1573,433,-1,-1,-1,-1,False,670
"43,7661",851,319,DianaErroena,Ninguno,Ninguno,1585,428,-1,-1,-1,-1,False,670
"43,8804",443,75,DianaErroena,Ninguno,Ninguno,1593,425,-1,-1,-1,-1,False,670
"44,0068",462,61,DianaErroena,Ninguno,Ninguno,1598,423,-1,-1,-1,-1,False,670
"44,1187",291,146,DianaErroena,Ninguno,Ninguno,1602,422,-1,-1,-1,-1,False,670
"44,2471",266,161,DianaErroena,Ninguno,Ninguno,1604,421,-1,-1,-1,-1,False,670
"44,3594",275,186,DianaErroena,Ninguno,Ninguno,1606,420,-1,-1,-1,-1,False,670
"44,4727",524,265,DianaErroena,Ninguno,Ninguno,1607,420,-1,-1,-1,-1,False,670
"44,6001",1101,484,DianaErroena,Ninguno,Ninguno,1607,420,-1,-1,-1,-1,False,670
"44,7129",1115,479,DianaErroena,Ninguno,Ninguno,1608,419,-1,-1,-1,-1,False,670
"44,8242",1128,491,DianaErroena,DianaErroena,Ninguno,1608,419,1146,464,-1,-1,False,670
"44,9380",1128,487,DianaErroena,DianaErroena,Ninguno,1608,419,1146,464,-1,-1,False,670
"45,0654",1237,489,DianaErroena,DianaErroena,Ninguno,1608,419,1147,464,-1,-1,False,670
"45,1782",1402,454,DianaErroena,DianaErroena,Ninguno,1608,419,1147,464,-1,-1,False,670
"45,2905",1577,421,DianaErroena,DianaErroena,Ninguno,1608,419,1147,464,-1,-1,False,670
"45,4028",1600,417,DianaErroena,DianaErroena,Ninguno,1608,419,1147,464,-1,-1,False,670
"45,5269",1562,449,DianaErroena,DianaErroena,Ninguno,1582,429,1132,472,-1,-1,False,670
"45,6436",1617,403,DianaErroena,DianaErroena,Ninguno,1562,438,1121,478,-1,-1,False,670
"45,7559",1588,420,DianaErroena,DianaErroena,Ninguno,1550,443,1114,483,-1,-1,False,670
"45,8682",1601,419,Ninguno,DianaErroena,Ninguno,-1,-1,1110,485,-1,-1,False,670
"45,9961",1600,404,Ninguno,DianaErroena,Ninguno,-1,-1,1106,487,-1,-1,False,670
"46,1084",1593,391,Ninguno,DianaErroena,Ninguno,-1,-1,1104,489,-1,-1,False,670
"46,3120",1532,425,Ninguno,DianaErroena,Ninguno,-1,-1,1103,490,-1,-1,False,670
"46,3657",1492,425,DianaErroena,DianaErroena,Ninguno,1524,455,1103,489,-1,-1,False,670
"46,4780",1387,395,DianaErroena,DianaErroena,Ninguno,1521,456,1101,491,-1,-1,False,670
"46,6055",802,314,DianaErroena,DianaErroena,Ninguno,1520,456,1100,491,-1,-1,False,670
"46,7344",691,273,DianaErroena,DianaErroena,Ninguno,1520,457,1100,491,-1,-1,False,670
"46,8472",810,308,DianaErroena,DianaErroena,Ninguno,1519,457,1100,491,-1,-1,False,670
"46,9756",1075,390,DianaErroena,DianaErroena,Ninguno,1519,457,1100,491,-1,-1,False,670
"47,1040",1097,433,DianaErroena,DianaErroena,Ninguno,1519,457,1100,491,-1,-1,False,670
"47,3018",1073,446,DianaErroena,DianaErroena,Ninguno,1519,457,1100,491,-1,-1,False,670
"47,3447",1085,449,DianaErroena,DianaErroena,Ninguno,1519,457,1100,491,-1,-1,False,670
"47,4722",1097,451,DianaErroena,DianaErroena,Ninguno,1519,457,1100,491,-1,-1,False,670
"47,6016",1087,457,DianaErroena,DianaErroena,Ninguno,1519,457,1100,491,-1,-1,False,670
"47,7134",1119,437,DianaErroena,DianaErroena,Ninguno,1519,457,1100,491,-1,-1,False,670
"47,8413",1097,443,DianaErroena,Ninguno,Ninguno,1519,457,-1,-1,-1,-1,False,670
"48,0396",1095,444,DianaErroena,Ninguno,Ninguno,1519,457,-1,-1,-1,-1,False,670
"48,0820",1094,444,DianaErroena,Ninguno,Ninguno,1519,457,-1,-1,-1,-1,False,660
"48,2105",1123,453,DianaErroena,Ninguno,Ninguno,1519,457,-1,-1,-1,-1,False,660
"48,3394",1100,446,DianaErroena,Ninguno,Ninguno,1519,457,-1,-1,-1,-1,False,660
"48,4678",1492,449,DianaErroena,Ninguno,Ninguno,1519,457,-1,-1,-1,-1,False,660
"48,5801",1535,455,DianaErroena,Ninguno,Ninguno,1519,457,-1,-1,-1,-1,False,660
"48,7075",1532,441,DianaErroena,Ninguno,Ninguno,1525,454,-1,-1,-1,-1,False,660
"48,8369",1539,442,DianaErroena,Ninguno,Ninguno,1530,453,-1,-1,-1,-1,False,660
"48,9502",1527,433,DianaErroena,Ninguno,Ninguno,1533,452,-1,-1,-1,-1,False,650
"49,0772",1498,427,Ninguno,DianaObjetivo,Ninguno,-1,-1,516,683,-1,-1,False,650
"49,2793",1575,358,Ninguno,DianaObjetivo,Ninguno,-1,-1,519,682,-1,-1,False,650
"49,3340",1499,398,Ninguno,DianaObjetivo,Ninguno,-1,-1,520,682,-1,-1,False,650
"49,4468",1523,427,Ninguno,DianaObjetivo,Ninguno,-1,-1,522,681,-1,-1,False,650
"49,5752",1523,408,Ninguno,DianaObjetivo,Ninguno,-1,-1,522,681,-1,-1,False,650
"49,7036",1470,407,Ninguno,DianaObjetivo,Ninguno,-1,-1,523,681,-1,-1,False,650
"49,8159",791,352,Ninguno,DianaObjetivo,Ninguno,-1,-1,523,681,-1,-1,False,650
"49,9292",644,350,Ninguno,DianaObjetivo,Ninguno,-1,-1,523,681,-1,-1,False,650
"50,0562",763,323,Ninguno,DianaObjetivo,Ninguno,-1,-1,523,681,-1,-1,False,650
"50,1709",756,326,Ninguno,DianaObjetivo,Ninguno,-1,-1,524,681,-1,-1,False,650
"50,3120",478,269,Ninguno,DianaObjetivo,Ninguno,-1,-1,524,681,-1,-1,False,650
"50,4316",260,243,Ninguno,DianaObjetivo,Ninguno,-1,-1,524,681,-1,-1,False,650
"50,5537",267,266,Ninguno,DianaObjetivo,Ninguno,-1,-1,524,681,-1,-1,False,650
"50,6650",1001,581,Ninguno,DianaObjetivo,Ninguno,-1,-1,524,681,-1,-1,False,650
"50,7944",1094,614,Ninguno,DianaObjetivo,Ninguno,-1,-1,524,681,-1,-1,False,650
"50,9058",1097,606,Ninguno,DianaObjetivo,Ninguno,-1,-1,524,681,-1,-1,False,650
"51,0352",1034,559,Ninguno,DianaObjetivo,Ninguno,-1,-1,524,681,-1,-1,False,650
"51,1475",672,334,Ninguno,DianaObjetivo,Ninguno,-1,-1,524,681,-1,-1,False,650
"51,2749",645,326,Ninguno,DianaObjetivo,Ninguno,-1,-1,524,681,-1,-1,False,650
"51,3872",947,417,Ninguno,DianaObjetivo,Ninguno,-1,-1,524,681,-1,-1,False,650
"51,5161",1084,470,Ninguno,DianaObjetivo,Ninguno,-1,-1,524,681,-1,-1,False,650
"51,6279",1100,467,Ninguno,DianaObjetivo,Ninguno,-1,-1,524,681,-1,-1,False,650
"51,7564",1058,456,Ninguno,DianaObjetivo,Ninguno,-1,-1,524,681,-1,-1,False,650
"51,8691",1037,457,Ninguno,DianaObjetivo,Ninguno,-1,-1,524,681,-1,-1,False,650
"51,9976",862,356,Ninguno,Ninguno,Ninguno,-1,-1,-1,-1,-1,-1,False,650
"52,1099",642,221,Ninguno,Ninguno,Ninguno,-1,-1,-1,-1,-1,-1,False,650
"52,2383",644,210,Ninguno,Ninguno,Ninguno,-1,-1,-1,-1,-1,-1,False,650
"52,3506",791,265,Ninguno,Ninguno,Ninguno,-1,-1,-1,-1,-1,-1,False,650
"52,4790",1198,465,Ninguno,Ninguno,Ninguno,-1,-1,-1,-1,-1,-1,False,650
"52,6050",1225,468,Ninguno,Ninguno,Ninguno,-1,-1,-1,-1,-1,-1,False,650
"52,7041",1232,455,Ninguno,Ninguno,Ninguno,-1,-1,-1,-1,-1,-1,False,650
"52,8315",1177,440,Ninguno,Ninguno,Ninguno,-1,-1,-1,-1,-1,-1,False,650
"52,9605",951,381,Ninguno,Ninguno,Ninguno,-1,-1,-1,-1,-1,-1,False,650
"53,0728",908,370,Ninguno,Ninguno,Ninguno,-1,-1,-1,-1,-1,-1,False,650
"53,2007",901,379,Ninguno,Ninguno,Ninguno,-1,-1,-1,-1,-1,-1,False,650
"53,3135",916,379,Ninguno,Ninguno,Ninguno,-1,-1,-1,-1,-1,-1,False,650
"53,4419",910,372,Ninguno,Ninguno,Ninguno,-1,-1,-1,-1,-1,-1,False,650
"53,5552",907,369,Ninguno,Ninguno,Ninguno,-1,-1,-1,-1,-1,-1,False,650
"53,6826",1064,457,Ninguno,Ninguno,Ninguno,-1,-1,-1,-1,-1,-1,False,650
"53,8110",1133,490,Ninguno,Ninguno,Ninguno,-1,-1,-1,-1,-1,-1,False,650
"53,9243",1137,493,Ninguno,Ninguno,Ninguno,-1,-1,-1,-1,-1,-1,False,650
"54,0518",1141,488,Ninguno,Ninguno,Ninguno,-1,-1,-1,-1,-1,-1,False,650
"54,1797",1008,471,Ninguno,Ninguno,Ninguno,-1,-1,-1,-1,-1,-1,False,650
"54,2920",897,434,Ninguno,Ninguno,Ninguno,-1,-1,-1,-1,-1,-1,False,650
"54,4209",887,433,Ninguno,Ninguno,Ninguno,-1,-1,-1,-1,-1,-1,False,650
"54,5488",886,436,Ninguno,Ninguno,Ninguno,-1,-1,-1,-1,-1,-1,False,650
"54,6773",855,426,Ninguno,Ninguno,Ninguno,-1,-1,-1,-1,-1,-1,False,650
"54,8096",831,415,Ninguno,Ninguno,Ninguno,-1,-1,-1,-1,-1,-1,False,650
"54,9331",820,403,Ninguno,Ninguno,Ninguno,-1,-1,-1,-1,-1,-1,False,650
"55,0615",443,239,Ninguno,Ninguno,Ninguno,-1,-1,-1,-1,-1,-1,False,650
"55,2061",265,155,Ninguno,Ninguno,Ninguno,-1,-1,-1,-1,-1,-1,False,650
"55,3350",246,114,Ninguno,Ninguno,Ninguno,-1,-1,-1,-1,-1,-1,False,650
"55,4629",248,123,Ninguno,Ninguno,Ninguno,-1,-1,-1,-1,-1,-1,False,650
"55,6079",234,123,Ninguno,Ninguno,Ninguno,-1,-1,-1,-1,-1,-1,False,650
"55,7354",234,124,Ninguno,Ninguno,Ninguno,-1,-1,-1,-1,-1,-1,False,650
"55,8809",258,140,Ninguno,Ninguno,Ninguno,-1,-1,-1,-1,-1,-1,False,650
"56,0083",1194,522,Ninguno,Ninguno,Ninguno,-1,-1,-1,-1,-1,-1,False,650
"56,1533",1189,496,Ninguno,Ninguno,Ninguno,-1,-1,-1,-1,-1,-1,False,650
"56,2817",1192,488,Ninguno,Ninguno,Ninguno,-1,-1,-1,-1,-1,-1,False,650
"56,4258",1193,471,Ninguno,Ninguno,Ninguno,-1,-1,-1,-1,-1,-1,False,650
"56,5542",1190,466,Ninguno,Ninguno,Ninguno,-1,-1,-1,-1,-1,-1,False,650
"56,6982",955,432,Ninguno,Ninguno,Ninguno,-1,-1,-1,-1,-1,-1,False,650
"56,8438",858,407,Ninguno,Ninguno,Ninguno,-1,-1,-1,-1,-1,-1,False,650
"56,9717",873,390,Ninguno,Ninguno,Ninguno,-1,-1,-1,-1,-1,-1,False,650
"57,1152",928,399,Ninguno,Ninguno,Ninguno,-1,-1,-1,-1,-1,-1,False,650
"57,2598",1077,413,Ninguno,Ninguno,Ninguno,-1,-1,-1,-1,-1,-1,False,650
"57,3882",1088,391,Ninguno,Ninguno,Ninguno,-1,-1,-1,-1,-1,-1,False,650
"57,5327",986,434,Ninguno,Ninguno,Ninguno,-1,-1,-1,-1,-1,-1,False,650
"57,6782",822,467,DianaObjetivo,Ninguno,Ninguno,542,669,-1,-1,-1,-1,False,650
"57,8066",815,473,DianaObjetivo,Ninguno,Ninguno,558,661,-1,-1,-1,-1,False,650
"57,9512",821,466,DianaObjetivo,Ninguno,Ninguno,567,656,-1,-1,-1,-1,False,650
"58,0796",914,458,DianaObjetivo,Ninguno,Ninguno,573,653,-1,-1,-1,-1,False,650
"58,2095",923,473,DianaObjetivo,Ninguno,Ninguno,576,651,-1,-1,-1,-1,False,650
"58,3521",1094,475,DianaObjetivo,Ninguno,Ninguno,578,650,-1,-1,-1,-1,False,650
"58,4805",1202,471,DianaObjetivo,Ninguno,Ninguno,579,649,-1,-1,-1,-1,False,650
"58,6089",746,349,DianaObjetivo,Ninguno,Ninguno,580,649,-1,-1,-1,-1,False,650
"58,7368",682,309,DianaObjetivo,Ninguno,Ninguno,580,649,-1,-1,-1,-1,False,650
"58,8818",711,361,DianaObjetivo,Ninguno,Ninguno,581,649,-1,-1,-1,-1,False,650
"59,0103",726,391,DianaObjetivo,DianaObjetivo,Ninguno,581,649,1146,464,-1,-1,False,650
"59,1387",698,406,DianaObjetivo,DianaObjetivo,Ninguno,581,648,1146,464,-1,-1,False,650
"59,2666",403,354,DianaObjetivo,DianaObjetivo,Ninguno,581,648,1146,464,-1,-1,False,650
"59,3950",822,397,DianaObjetivo,DianaObjetivo,Ninguno,581,648,1146,464,-1,-1,False,650
"59,5249",1069,425,DianaObjetivo,DianaObjetivo,Ninguno,581,648,1146,464,-1,-1,False,650
"59,6675",1081,425,DianaObjetivo,DianaObjetivo,Ninguno,558,660,1140,470,-1,-1,False,650
"59,7959",1162,428,DianaObjetivo,DianaObjetivo,Ninguno,541,669,1135,475,-1,-1,False,650
"59,9248",1172,423,DianaObjetivo,DianaObjetivo,Ninguno,531,674,1132,478,-1,-1,False,650
"60,0527",1175,423,DianaObjetivo,DianaObjetivo,Ninguno,524,678,1130,480,-1,-1,False,650
"60,1812",1169,421,DianaObjetivo,DianaObjetivo,Ninguno,520,680,1129,482,-1,-1,False,650
"60,3257",1164,413,DianaObjetivo,DianaObjetivo,Ninguno,517,681,1128,483,-1,-1,False,650
"60,4536",1113,428,DianaObjetivo,DianaObjetivo,DianaErroena,515,682,1127,483,1358,818,False,650
"60,5986",1102,441,Ninguno,DianaObjetivo,DianaErroena,-1,-1,1127,484,1357,818,False,650
"60,7261",1098,439,Ninguno,DianaObjetivo,DianaErroena,-1,-1,1127,484,1357,819,False,650
"60,8711",1099,447,Ninguno,DianaObjetivo,DianaErroena,-1,-1,1126,484,1357,819,False,650
"61,0151",1110,446,Ninguno,DianaObjetivo,DianaErroena,-1,-1,1126,484,1357,819,False,650
"61,1436",1105,441,Ninguno,DianaObjetivo,DianaErroena,-1,-1,1126,484,1357,819,False,650
"61,2935",1116,437,Ninguno,DianaObjetivo,DianaErroena,-1,-1,1126,484,1357,819,False,640
"61,4321",1312,742,Ninguno,DianaObjetivo,DianaErroena,-1,-1,1126,484,1357,819,False,640
"61,6489",1322,765,Ninguno,DianaObjetivo,DianaErroena,-1,-1,1126,484,1357,819,False,640
"61,7056",1328,763,Ninguno,DianaObjetivo,DianaErroena,-1,-1,1126,484,1357,819,False,640
"61,8496",1339,755,Ninguno,DianaObjetivo,DianaErroena,-1,-1,1126,484,1357,819,False,640
"61,9780",1333,746,Ninguno,Ninguno,DianaErroena,-1,-1,-1,-1,1357,819,False,640
"62,1226",1335,746,Ninguno,Ninguno,DianaErroena,-1,-1,-1,-1,1357,819,False,640
"62,2505",1338,744,Ninguno,Ninguno,DianaErroena,-1,-1,-1,-1,1357,819,False,640
"62,3945",1336,741,Ninguno,Ninguno,DianaErroena,-1,-1,-1,-1,1357,819,False,640
"62,5244",1334,738,Ninguno,Ninguno,DianaErroena,-1,-1,-1,-1,1357,819,False,640
"62,6675",1153,587,Ninguno,Ninguno,DianaErroena,-1,-1,-1,-1,1357,819,False,640
"62,8115",1092,462,Ninguno,Ninguno,DianaErroena,-1,-1,-1,-1,1357,819,False,640
"62,9419",1080,418,Ninguno,Ninguno,DianaErroena,-1,-1,-1,-1,1374,816,False,640
"63,0850",1080,408,Ninguno,Ninguno,DianaErroena,-1,-1,-1,-1,1384,814,False,640
"63,2290",978,433,DianaObjetivo,Ninguno,DianaErroena,925,755,-1,-1,1391,812,False,640
"63,3594",938,432,DianaObjetivo,Ninguno,Ninguno,928,753,-1,-1,-1,-1,False,640
"63,5020",930,425,DianaObjetivo,Ninguno,Ninguno,930,752,-1,-1,-1,-1,False,640
"63,6299",934,424,DianaObjetivo,Ninguno,Ninguno,931,752,-1,-1,-1,-1,False,640
"63,7744",1055,438,DianaObjetivo,Ninguno,Ninguno,931,751,-1,-1,-1,-1,False,640
"63,9028",1141,455,DianaObjetivo,Ninguno,Ninguno,932,751,-1,-1,-1,-1,False,640
"64,0474",1306,637,DianaObjetivo,Ninguno,Ninguno,932,751,-1,-1,-1,-1,False,640
"64,1758",1314,654,DianaObjetivo,Ninguno,Ninguno,932,751,-1,-1,-1,-1,False,640
"64,3047",1310,694,DianaObjetivo,Ninguno,Ninguno,932,751,-1,-1,-1,-1,False,640
"64,4482",1220,689,DianaObjetivo,Ninguno,Ninguno,932,751,-1,-1,-1,-1,False,640
"64,5767",891,677,DianaObjetivo,Ninguno,Ninguno,932,751,-1,-1,-1,-1,False,640
"64,7212",898,671,DianaObjetivo,Ninguno,Ninguno,932,751,-1,-1,-1,-1,False,640
"64,8496",915,677,DianaObjetivo,Ninguno,Ninguno,932,751,-1,-1,-1,-1,False,640
"64,9780",912,678,DianaObjetivo,Ninguno,Ninguno,932,751,-1,-1,-1,-1,False,640
"65,1060",918,672,DianaObjetivo,Ninguno,Ninguno,932,751,-1,-1,-1,-1,False,640
"65,2510",919,670,DianaObjetivo,Ninguno,Ninguno,932,751,-1,-1,-1,-1,False,640
"65,3789",922,666,DianaObjetivo,Ninguno,Ninguno,932,751,-1,-1,-1,-1,False,640
"65,5073",928,671,DianaObjetivo,Ninguno,Ninguno,932,751,-1,-1,-1,-1,False,640
"65,6514",933,673,DianaObjetivo,Ninguno,Ninguno,932,751,-1,-1,-1,-1,False,640
"65,7793",936,670,DianaObjetivo,Ninguno,Ninguno,932,751,-1,-1,-1,-1,False,640
"65,9077",928,662,DianaObjetivo,Ninguno,Ninguno,932,751,-1,-1,-1,-1,False,640
"66,0527",929,661,DianaObjetivo,Ninguno,Ninguno,932,751,-1,-1,-1,-1,False,640
"66,1865",926,664,Ninguno,Ninguno,Ninguno,-1,-1,-1,-1,-1,-1,False,640
"66,3096",924,662,Ninguno,Ninguno,Ninguno,-1,-1,-1,-1,-1,-1,False,640
"66,4536",921,672,Ninguno,Ninguno,Ninguno,-1,-1,-1,-1,-1,-1,False,640
"66,5820",921,667,Ninguno,Ninguno,Ninguno,-1,-1,-1,-1,-1,-1,False,640
"66,7105",923,665,Ninguno,Ninguno,Ninguno,-1,-1,-1,-1,-1,-1,False,640
"66,8550",925,657,Ninguno,Ninguno,Ninguno,-1,-1,-1,-1,-1,-1,False,640
"66,9829",932,648,Ninguno,Ninguno,Ninguno,-1,-1,-1,-1,-1,-1,False,640
"67,1314",934,634,Ninguno,Ninguno,Ninguno,-1,-1,-1,-1,-1,-1,False,640
"67,2554",935,629,Ninguno,Ninguno,Ninguno,-1,-1,-1,-1,-1,-1,False,640
"67,3843",925,619,Ninguno,Ninguno,Ninguno,-1,-1,-1,-1,-1,-1,False,640
"67,5288",919,599,Ninguno,Ninguno,Ninguno,-1,-1,-1,-1,-1,-1,False,640
"67,6563",921,553,Ninguno,Ninguno,Ninguno,-1,-1,-1,-1,-1,-1,False,640
"67,7852",912,475,Ninguno,Ninguno,Ninguno,-1,-1,-1,-1,-1,-1,False,640
"67,9136",918,531,Ninguno,Ninguno,Ninguno,-1,-1,-1,-1,-1,-1,False,640
"68,0571",901,530,Ninguno,Ninguno,Ninguno,-1,-1,-1,-1,-1,-1,False,640
"68,1860",910,528,Ninguno,Ninguno,Ninguno,-1,-1,-1,-1,-1,-1,False,640
"68,3140",912,531,Ninguno,Ninguno,Ninguno,-1,-1,-1,-1,-1,-1,False,640
"68,4429",921,532,Ninguno,Ninguno,Ninguno,-1,-1,-1,-1,-1,-1,False,640
"68,5864",995,449,Ninguno,Ninguno,Ninguno,-1,-1,-1,-1,-1,-1,False,640
"68,7158",1020,423,Ninguno,Ninguno,Ninguno,-1,-1,-1,-1,-1,-1,False,640
"68,8276",1021,428,Ninguno,Ninguno,Ninguno,-1,-1,-1,-1,-1,-1,False,640
"68,9580",956,472,Ninguno,Ninguno,Ninguno,-1,-1,-1,-1,-1,-1,False,640
"69,1001",930,469,Ninguno,Ninguno,Ninguno,-1,-1,-1,-1,-1,-1,False,640
"69,2290",932,467,Ninguno,Ninguno,Ninguno,-1,-1,-1,-1,-1,-1,False,640
"69,3569",936,474,Ninguno,Ninguno,Ninguno,-1,-1,-1,-1,-1,-1,False,640
"69,4854",900,502,Ninguno,Ninguno,Ninguno,-1,-1,-1,-1,-1,-1,False,640
"69,6138",859,513,Ninguno,Ninguno,Ninguno,-1,-1,-1,-1,-1,-1,False,640
"69,7285",856,532,Ninguno,Ninguno,Ninguno,-1,-1,-1,-1,-1,-1,False,640
"69,8555",863,524,Ninguno,Ninguno,Ninguno,-1,-1,-1,-1,-1,-1,False,640
"69,9990",818,537,Ninguno,Ninguno,Ninguno,-1,-1,-1,-1,-1,-1,False,640
"70,1108",825,536,Ninguno,Ninguno,Ninguno,-1,-1,-1,-1,-1,-1,False,640
"70,2432",835,534,Ninguno,Ninguno,Ninguno,-1,-1,-1,-1,-1,-1,False,640
"70,3687",835,520,Ninguno,Ninguno,Ninguno,-1,-1,-1,-1,-1,-1,False,640
"70,4810",858,520,Ninguno,Ninguno,Ninguno,-1,-1,-1,-1,-1,-1,False,640
"70,5933",849,499,Ninguno,Ninguno,Ninguno,-1,-1,-1,-1,-1,-1,False,640
"70,7207",668,543,Ninguno,Ninguno,Ninguno,-1,-1,-1,-1,-1,-1,False,640
"70,8340",686,535,Ninguno,Ninguno,Ninguno,-1,-1,-1,-1,-1,-1,False,640
"70,9463",707,451,Ninguno,Ninguno,Ninguno,-1,-1,-1,-1,-1,-1,False,640
"71,0586",822,506,Ninguno,Ninguno,Ninguno,-1,-1,-1,-1,-1,-1,False,640
"71,1870",835,499,Ninguno,Ninguno,Ninguno,-1,-1,-1,-1,-1,-1,False,640
"71,2993",863,508,Ninguno,Ninguno,Ninguno,-1,-1,-1,-1,-1,-1,False,640
"71,4126",1086,544,Ninguno,Ninguno,Ninguno,-1,-1,-1,-1,-1,-1,False,640
"71,5391",1109,542,Ninguno,Ninguno,Ninguno,-1,-1,-1,-1,-1,-1,False,640
"71,6514",1125,551,Ninguno,Ninguno,Ninguno,-1,-1,-1,-1,-1,-1,False,640
"71,7798",1150,551,Ninguno,Ninguno,Ninguno,-1,-1,-1,-1,-1,-1,False,640
"71,8926",1251,566,DianaErroena,Ninguno,Ninguno,517,672,-1,-1,-1,-1,False,640
"72,0049",1289,563,DianaErroena,Ninguno,Ninguno,520,666,-1,-1,-1,-1,False,640
"72,1333",1226,563,DianaErroena,Ninguno,Ninguno,522,661,-1,-1,-1,-1,False,640
"72,2456",1164,551,DianaErroena,Ninguno,Ninguno,524,658,-1,-1,-1,-1,False,640
"72,3579",1172,547,DianaErroena,Ninguno,Ninguno,525,656,-1,-1,-1,-1,False,640
"72,4854",1116,583,DianaErroena,Ninguno,Ninguno,526,654,-1,-1,-1,-1,False,640
"72,5986",1075,600,DianaErroena,Ninguno,Ninguno,526,653,-1,-1,-1,-1,False,640
"72,7100",1079,592,DianaErroena,Ninguno,Ninguno,526,653,-1,-1,-1,-1,False,640
"72,8228",1082,574,DianaErroena,Ninguno,Ninguno,526,652,-1,-1,-1,-1,False,640
"72,9507",1112,549,DianaErroena,Ninguno,Ninguno,527,652,-1,-1,-1,-1,False,640
"73,0635",1148,529,DianaErroena,Ninguno,Ninguno,527,652,-1,-1,-1,-1,False,640
"73,1763",1161,527,DianaErroena,Ninguno,Ninguno,527,652,-1,-1,-1,-1,False,640
"73,3052",1179,502,DianaErroena,DianaObjetivo,Ninguno,527,652,723,380,-1,-1,False,640
"73,4175",1139,504,DianaErroena,DianaObjetivo,Ninguno,527,652,723,380,-1,-1,False,640
"73,5293",1062,489,DianaErroena,DianaObjetivo,Ninguno,527,652,723,380,-1,-1,False,640
"73,6792",1022,491,DianaErroena,DianaObjetivo,Ninguno,527,652,723,380,-1,-1,False,640
"73,7690",1054,489,DianaErroena,DianaObjetivo,Ninguno,527,652,723,380,-1,-1,False,640
"73,8838",1138,506,DianaErroena,DianaObjetivo,Ninguno,521,664,721,392,-1,-1,False,640
"74,0107",907,429,DianaErroena,DianaObjetivo,Ninguno,516,676,720,402,-1,-1,False,640
"74,1231",867,404,DianaErroena,DianaObjetivo,Ninguno,512,684,719,410,-1,-1,False,640
"74,2368",752,367,DianaErroena,DianaObjetivo,Ninguno,510,689,718,415,-1,-1,False,640
"74,3638",757,368,DianaErroena,DianaObjetivo,Ninguno,508,692,718,418,-1,-1,False,640
"74,4761",755,380,DianaErroena,DianaObjetivo,Ninguno,507,694,717,420,-1,-1,False,640
"74,6045",739,400,DianaErroena,DianaObjetivo,Ninguno,506,696,717,422,-1,-1,False,640
"74,7158",744,426,DianaErroena,DianaObjetivo,DianaObjetivo,506,697,717,423,1146,465,False,640
"74,8286",762,425,Ninguno,DianaObjetivo,DianaObjetivo,-1,-1,717,423,1146,465,False,640
"74,9565",694,431,Ninguno,DianaObjetivo,DianaObjetivo,-1,-1,717,424,1146,466,False,640
"75,0698",732,441,Ninguno,Ninguno,DianaObjetivo,-1,-1,-1,-1,1146,466,False,640
"75,1812",740,437,Ninguno,Ninguno,DianaObjetivo,-1,-1,-1,-1,1146,466,False,640
"75,2954",739,432,Ninguno,Ninguno,DianaObjetivo,-1,-1,-1,-1,1146,466,False,640
"75,4224",747,449,Ninguno,Ninguno,DianaObjetivo,-1,-1,-1,-1,1146,466,False,640
"75,5347",739,445,Ninguno,Ninguno,DianaObjetivo,-1,-1,-1,-1,1146,466,False,640
"75,6631",1102,448,Ninguno,Ninguno,DianaObjetivo,-1,-1,-1,-1,1146,466,False,640
"75,7754",1023,472,Ninguno,Ninguno,DianaObjetivo,-1,-1,-1,-1,1146,466,False,640
"75,8872",1094,467,Ninguno,Ninguno,DianaObjetivo,-1,-1,-1,-1,1146,466,False,640
"76,0161",1114,466,Ninguno,Ninguno,DianaObjetivo,-1,-1,-1,-1,1146,466,False,640
"76,2046",1090,437,DianaObjetivo,Ninguno,DianaObjetivo,1358,817,-1,-1,1146,466,False,640
"76,3223",1145,434,DianaObjetivo,Ninguno,DianaObjetivo,1358,817,-1,-1,1146,466,False,640
"76,3691",1147,434,DianaObjetivo,Ninguno,DianaObjetivo,1358,817,-1,-1,1146,466,False,640
"76,4815",1144,453,DianaObjetivo,Ninguno,DianaObjetivo,1358,817,-1,-1,1146,466,False,640
"76,5928",1126,433,DianaObjetivo,Ninguno,DianaObjetivo,1358,817,-1,-1,1146,466,False,640
"76,7222",1157,451,DianaObjetivo,Ninguno,DianaObjetivo,1358,817,-1,-1,1146,466,False,640
"76,8335",1161,511,DianaObjetivo,Ninguno,DianaObjetivo,1358,817,-1,-1,1146,466,False,630
"77,0200",1178,530,DianaObjetivo,Ninguno,DianaObjetivo,1358,817,-1,-1,1146,466,False,630
"77,1411",1317,705,DianaObjetivo,Ninguno,DianaObjetivo,1358,817,-1,-1,1146,466,False,620
"77,1865",1332,718,DianaObjetivo,Ninguno,DianaObjetivo,1349,810,-1,-1,1144,470,False,620
"77,3750",1361,764,DianaObjetivo,Ninguno,DianaObjetivo,1327,800,-1,-1,1128,465,False,620
"77,4111",1355,770,DianaObjetivo,Ninguno,DianaObjetivo,1323,796,-1,-1,1128,468,False,620
"77,5400",1358,787,DianaObjetivo,DianaObjetivo,DianaObjetivo,1309,789,1508,452,1117,464,False,620
"77,6523",1359,787,DianaObjetivo,DianaObjetivo,Ninguno,1303,786,1500,452,-1,-1,False,620
"77,7661",1356,779,DianaObjetivo,DianaObjetivo,Ninguno,1300,784,1496,452,-1,-1,False,620
"77,8931",1352,777,DianaObjetivo,DianaObjetivo,Ninguno,1298,783,1493,452,-1,-1,False,620
"78,0054",1343,777,Ninguno,DianaObjetivo,Ninguno,-1,-1,1491,452,-1,-1,False,620
"78,1333",1303,718,Ninguno,DianaObjetivo,Ninguno,-1,-1,1490,452,-1,-1,False,610
"78,3203",1187,439,Ninguno,DianaObjetivo,Ninguno,-1,-1,1489,452,-1,-1,False,610
"78,4434",1130,427,Ninguno,DianaObjetivo,Ninguno,-1,-1,1489,452,-1,-1,False,610
"78,4863",1138,429,Ninguno,DianaObjetivo,Ninguno,-1,-1,1488,452,-1,-1,False,610
"78,6001",1135,408,Ninguno,DianaObjetivo,Ninguno,-1,-1,1488,452,-1,-1,False,610
"78,7271",1192,422,Ninguno,DianaObjetivo,Ninguno,-1,-1,1488,452,-1,-1,False,610
"78,8394",1353,443,Ninguno,DianaObjetivo,Ninguno,-1,-1,1488,452,-1,-1,False,610
"78,9673",1483,465,Ninguno,DianaObjetivo,Ninguno,-1,-1,1488,452,-1,-1,False,610
"79,0796",1507,464,Ninguno,DianaObjetivo,Ninguno,-1,-1,1488,452,-1,-1,False,610
"79,1924",1506,460,Ninguno,DianaObjetivo,Ninguno,-1,-1,1488,452,-1,-1,False,610
"79,3882",1507,468,Ninguno,DianaObjetivo,Ninguno,-1,-1,1488,452,-1,-1,False,610
"79,4331",1508,470,Ninguno,DianaObjetivo,Ninguno,-1,-1,1488,452,-1,-1,False,610
"79,5454",1507,460,Ninguno,DianaObjetivo,Ninguno,-1,-1,1488,452,-1,-1,False,610
"79,6733",1497,429,Ninguno,DianaObjetivo,Ninguno,-1,-1,1488,452,-1,-1,False,610
"79,7861",1492,419,Ninguno,DianaObjetivo,Ninguno,-1,-1,1488,452,-1,-1,False,610
"79,8984",1493,442,Ninguno,DianaObjetivo,Ninguno,-1,-1,1488,452,-1,-1,False,610
"80,0122",1498,437,Ninguno,Ninguno,Ninguno,-1,-1,-1,-1,-1,-1,False,600
"80,1387",1497,434,Ninguno,Ninguno,Ninguno,-1,-1,-1,-1,-1,-1,False,600
"80,3272",1494,425,Ninguno,Ninguno,Ninguno,-1,-1,-1,-1,-1,-1,False,600
"80,3648",1497,447,Ninguno,Ninguno,Ninguno,-1,-1,-1,-1,-1,-1,False,600
"80,4922",1490,426,Ninguno,Ninguno,Ninguno,-1,-1,-1,-1,-1,-1,False,600
"80,6050",1496,448,Ninguno,Ninguno,Ninguno,-1,-1,-1,-1,-1,-1,False,600
"80,7324",1373,452,Ninguno,Ninguno,Ninguno,-1,-1,-1,-1,-1,-1,False,600
"80,8447",1353,462,Ninguno,Ninguno,Ninguno,-1,-1,-1,-1,-1,-1,False,600
"80,9565",1359,464,Ninguno,Ninguno,Ninguno,-1,-1,-1,-1,-1,-1,False,600
"81,0850",1028,295,Ninguno,Ninguno,Ninguno,-1,-1,-1,-1,-1,-1,False,600
"81,1982",847,282,Ninguno,Ninguno,Ninguno,-1,-1,-1,-1,-1,-1,False,600
"81,3101",950,321,Ninguno,Ninguno,Ninguno,-1,-1,-1,-1,-1,-1,False,600
"81,4385",775,163,Ninguno,Ninguno,Ninguno,-1,-1,-1,-1,-1,-1,False,600
"81,5498",753,171,Ninguno,Ninguno,Ninguno,-1,-1,-1,-1,-1,-1,False,600
"81,6631",753,171,Ninguno,Ninguno,Ninguno,-1,-1,-1,-1,-1,-1,False,600
"81,7764",901,345,Ninguno,Ninguno,Ninguno,-1,-1,-1,-1,-1,-1,False,600
"81,9033",1029,499,Ninguno,Ninguno,Ninguno,-1,-1,-1,-1,-1,-1,False,600
"82,0161",1027,495,Ninguno,Ninguno,Ninguno,-1,-1,-1,-1,-1,-1,False,600
"82,1279",998,454,Ninguno,Ninguno,Ninguno,-1,-1,-1,-1,-1,-1,False,600
"82,2412",1058,485,Ninguno,Ninguno,Ninguno,-1,-1,-1,-1,-1,-1,False,600
"82,3687",1068,458,Ninguno,Ninguno,Ninguno,-1,-1,-1,-1,-1,-1,False,600
"82,4805",1082,337,Ninguno,Ninguno,Ninguno,-1,-1,-1,-1,-1,-1,False,600
"82,5938",1083,418,Ninguno,Ninguno,Ninguno,-1,-1,-1,-1,-1,-1,False,600
"82,7051",1088,440,Ninguno,Ninguno,Ninguno,-1,-1,-1,-1,-1,-1,False,600
"82,8184",1097,441,Ninguno,Ninguno,Ninguno,-1,-1,-1,-1,-1,-1,False,600
"82,9307",1101,444,Ninguno,Ninguno,Ninguno,-1,-1,-1,-1,-1,-1,False,600
"83,0415",1094,457,Ninguno,Ninguno,Ninguno,-1,-1,-1,-1,-1,-1,False,600
"83,1543",1018,400,Ninguno,Ninguno,Ninguno,-1,-1,-1,-1,-1,-1,False,600
"83,2666",916,325,Ninguno,Ninguno,Ninguno,-1,-1,-1,-1,-1,-1,False,600
"83,3794",1018,379,Ninguno,Ninguno,Ninguno,-1,-1,-1,-1,-1,-1,False,600
"83,4922",1080,417,Ninguno,Ninguno,Ninguno,-1,-1,-1,-1,-1,-1,False,600
"83,6206",1115,437,Ninguno,Ninguno,Ninguno,-1,-1,-1,-1,-1,-1,False,600
"83,7329",1133,440,Ninguno,Ninguno,Ninguno,-1,-1,-1,-1,-1,-1,False,600
"83,8452",1107,400,Ninguno,Ninguno,Ninguno,-1,-1,-1,-1,-1,-1,False,600
"83,9424",1107,397,Ninguno,Ninguno,Ninguno,-1,-1,-1,-1,-1,-1,False,600
"84,0547",998,350,Ninguno,Ninguno,Ninguno,-1,-1,-1,-1,-1,-1,False,600
"84,1919",935,311,Ninguno,Ninguno,Ninguno,-1,-1,-1,-1,-1,-1,False,600
"84,2940",1002,430,Ninguno,Ninguno,Ninguno,-1,-1,-1,-1,-1,-1,False,600
"84,4063",1034,465,Ninguno,Ninguno,Ninguno,-1,-1,-1,-1,-1,-1,False,600
"84,5186",1054,441,Ninguno,Ninguno,Ninguno,-1,-1,-1,-1,-1,-1,False,600
"84,6299",1059,465,Ninguno,Ninguno,Ninguno,-1,-1,-1,-1,-1,-1,False,600
"84,7432",1036,472,Ninguno,Ninguno,Ninguno,-1,-1,-1,-1,-1,-1,False,600
"84,8555",935,447,Ninguno,Ninguno,Ninguno,-1,-1,-1,-1,-1,-1,False,600
"84,9668",943,439,Ninguno,Ninguno,Ninguno,-1,-1,-1,-1,-1,-1,False,600
"85,0806",947,459,Ninguno,Ninguno,Ninguno,-1,-1,-1,-1,-1,-1,False,600
"85,2080",946,445,Ninguno,Ninguno,Ninguno,-1,-1,-1,-1,-1,-1,False,600
"85,3208",771,371,Ninguno,Ninguno,Ninguno,-1,-1,-1,-1,-1,-1,False,600
"85,4321",828,343,Ninguno,Ninguno,Ninguno,-1,-1,-1,-1,-1,-1,False,600
"85,5444",875,334,Ninguno,Ninguno,Ninguno,-1,-1,-1,-1,-1,-1,False,600
"85,6577",877,329,DianaObjetivo,Ninguno,Ninguno,1143,455,-1,-1,-1,-1,False,600
"85,7700",883,322,DianaObjetivo,Ninguno,Ninguno,1140,449,-1,-1,-1,-1,False,600
"85,8823",963,248,DianaObjetivo,Ninguno,Ninguno,1139,446,-1,-1,-1,-1,False,600
"85,9946",850,340,DianaObjetivo,Ninguno,Ninguno,1138,443,-1,-1,-1,-1,False,600
"86,1069",845,333,DianaObjetivo,Ninguno,Ninguno,1137,442,-1,-1,-1,-1,False,600
"86,2031",925,258,DianaObjetivo,Ninguno,Ninguno,1136,441,-1,-1,-1,-1,False,600
"86,3145",890,330,DianaObjetivo,Ninguno,Ninguno,1136,440,-1,-1,-1,-1,False,600
"86,4273",1110,378,DianaObjetivo,Ninguno,Ninguno,1136,439,-1,-1,-1,-1,False,600
"86,5396",1136,390,DianaObjetivo,Ninguno,Ninguno,1136,439,-1,-1,-1,-1,False,600
"86,6357",1144,395,DianaObjetivo,Ninguno,Ninguno,1136,439,-1,-1,-1,-1,False,600
"86,7490",1151,392,DianaObjetivo,Ninguno,Ninguno,1136,439,-1,-1,-1,-1,False,600
"86,8613",1153,409,DianaObjetivo,Ninguno,Ninguno,1135,438,-1,-1,-1,-1,False,600
"86,9736",1146,407,DianaObjetivo,DianaErroena,Ninguno,1135,438,921,758,-1,-1,False,590
"87,0713",1154,406,DianaObjetivo,DianaErroena,Ninguno,1135,438,921,758,-1,-1,False,590
"87,1821",1144,410,DianaObjetivo,DianaErroena,Ninguno,1135,438,921,758,-1,-1,False,590
"87,2940",1141,415,Ninguno,DianaErroena,Ninguno,-1,-1,921,758,-1,-1,False,590
"87,4063",1149,412,Ninguno,DianaErroena,Ninguno,-1,-1,921,758,-1,-1,False,590
"87,5034",1164,398,Ninguno,DianaErroena,Ninguno,-1,-1,921,758,-1,-1,False,580
"87,6152",1144,430,Ninguno,DianaErroena,Ninguno,-1,-1,924,772,-1,-1,False,580
"87,7280",1105,454,Ninguno,DianaErroena,Ninguno,-1,-1,926,784,-1,-1,False,580
"87,8394",1086,453,Ninguno,DianaErroena,Ninguno,-1,-1,927,792,-1,-1,False,580
"87,9526",1043,551,Ninguno,DianaErroena,Ninguno,-1,-1,928,798,-1,-1,False,580
"88,0649",845,641,Ninguno,DianaErroena,Ninguno,-1,-1,929,802,-1,-1,False,580
"88,1773",918,697,Ninguno,DianaErroena,Ninguno,-1,-1,929,804,-1,-1,False,580
"88,2744",909,709,DianaErroena,DianaErroena,Ninguno,1147,465,930,806,-1,-1,False,580
"88,4014",937,741,DianaErroena,DianaErroena,Ninguno,1147,466,930,807,-1,-1,False,580
"88,5137",929,741,DianaErroena,DianaErroena,Ninguno,1148,467,930,808,-1,-1,False,580
"88,6260",938,731,DianaErroena,DianaErroena,Ninguno,1148,467,930,809,-1,-1,False,580
"88,7383",933,741,DianaErroena,DianaErroena,Ninguno,1148,467,930,809,-1,-1,False,580
"88,8506",926,758,DianaErroena,DianaErroena,Ninguno,1148,467,930,809,-1,-1,False,580
"88,9629",930,758,DianaErroena,DianaErroena,Ninguno,1148,468,930,809,-1,-1,False,580
"89,0767",932,767,DianaErroena,DianaErroena,Ninguno,1148,468,930,810,-1,-1,False,580
"89,2031",925,750,DianaErroena,DianaErroena,Ninguno,1148,468,930,810,-1,-1,False,580
"89,3159",920,749,DianaErroena,DianaErroena,Ninguno,1148,468,930,810,-1,-1,False,580
"89,4277",921,761,DianaErroena,Ninguno,Ninguno,1148,468,-1,-1,-1,-1,False,580
"89,5400",929,772,DianaErroena,Ninguno,Ninguno,1148,468,-1,-1,-1,-1,False,580
"89,6533",926,762,DianaErroena,DianaObjetivo,Ninguno,1148,468,1358,817,-1,-1,False,580
"89,7656",922,771,DianaErroena,DianaObjetivo,Ninguno,1148,468,1358,817,-1,-1,False,580
"89,8774",936,777,DianaErroena,DianaObjetivo,Ninguno,1148,468,1358,817,-1,-1,False,580
"90,0059",1051,690,DianaErroena,DianaObjetivo,Ninguno,1148,468,1358,817,-1,-1,False,580
"90,1191",1193,510,DianaErroena,DianaObjetivo,Ninguno,1148,468,1358,817,-1,-1,False,580
"90,2305",1158,456,DianaErroena,DianaObjetivo,Ninguno,1148,468,1358,817,-1,-1,False,580
"90,3442",1124,449,DianaErroena,DianaObjetivo,Ninguno,1148,468,1358,817,-1,-1,False,580
"90,4556",1116,458,DianaErroena,DianaObjetivo,Ninguno,1148,468,1358,817,-1,-1,False,580
"90,5689",1133,433,DianaErroena,DianaObjetivo,Ninguno,1148,468,1358,817,-1,-1,False,580
"90,6802",1153,431,Ninguno,DianaObjetivo,Ninguno,-1,-1,1358,817,-1,-1,False,580
"90,7925",1148,440,Ninguno,DianaObjetivo,Ninguno,-1,-1,1349,806,-1,-1,False,580
"90,9058",1156,460,Ninguno,DianaObjetivo,Ninguno,-1,-1,1344,798,-1,-1,False,580
"91,0171",1163,465,DianaErroena,DianaObjetivo,Ninguno,922,754,1340,794,-1,-1,False,580
"91,1294",1171,470,DianaErroena,DianaObjetivo,Ninguno,923,751,1337,791,-1,-1,False,580
"91,2417",1329,744,DianaErroena,DianaObjetivo,Ninguno,923,749,1335,789,-1,-1,False,580
"91,3550",1334,767,DianaErroena,DianaObjetivo,Ninguno,923,748,1334,788,-1,-1,False,580
"91,4663",1345,756,DianaErroena,DianaObjetivo,Ninguno,924,747,1334,787,-1,-1,False,580
"91,5786",1345,761,DianaErroena,DianaObjetivo,Ninguno,924,747,1333,786,-1,-1,False,580
"91,6919",1332,762,DianaErroena,DianaObjetivo,Ninguno,924,746,1333,786,-1,-1,False,580
"91,8042",1332,756,DianaErroena,DianaObjetivo,Ninguno,924,746,1332,785,-1,-1,False,580
"91,9165",1327,756,DianaErroena,Ninguno,Ninguno,924,746,-1,-1,-1,-1,False,580
"92,0278",1325,767,DianaErroena,Ninguno,Ninguno,924,746,-1,-1,-1,-1,False,580
"92,2148",1327,768,DianaErroena,Ninguno,Ninguno,924,746,-1,-1,-1,-1,False,580
"92,2524",1331,770,DianaErroena,Ninguno,Ninguno,924,746,-1,-1,-1,-1,False,580
"92,3648",1330,763,DianaErroena,Ninguno,Ninguno,924,745,-1,-1,-1,-1,False,580
"92,4771",1328,761,DianaErroena,Ninguno,Ninguno,924,745,-1,-1,-1,-1,False,580
"92,5894",1092,663,DianaErroena,Ninguno,Ninguno,924,745,-1,-1,-1,-1,False,580
"92,7026",1054,646,DianaErroena,Ninguno,Ninguno,924,745,-1,-1,-1,-1,False,580
"92,8154",1026,635,DianaErroena,Ninguno,Ninguno,924,745,-1,-1,-1,-1,False,580
"92,9282",1027,634,DianaErroena,Ninguno,Ninguno,924,745,-1,-1,-1,-1,False,580
"93,0566",964,638,DianaErroena,Ninguno,Ninguno,924,745,-1,-1,-1,-1,False,580
"93,1528",961,667,DianaErroena,Ninguno,Ninguno,924,745,-1,-1,-1,-1,False,580
"93,2647",908,721,DianaErroena,Ninguno,Ninguno,924,745,-1,-1,-1,-1,False,580
"93,3921",922,724,DianaErroena,Ninguno,Ninguno,924,745,-1,-1,-1,-1,False,580
"93,5049",917,729,DianaErroena,Ninguno,Ninguno,924,745,-1,-1,-1,-1,False,580
"93,6157",925,730,DianaErroena,Ninguno,Ninguno,924,745,-1,-1,-1,-1,False,580
"93,7295",921,722,DianaErroena,Ninguno,Ninguno,924,745,-1,-1,-1,-1,False,580
"93,8418",936,703,Ninguno,Ninguno,Ninguno,-1,-1,-1,-1,-1,-1,False,580
"93,9531",933,716,Ninguno,Ninguno,Ninguno,-1,-1,-1,-1,-1,-1,False,580
"94,0659",938,722,Ninguno,Ninguno,Ninguno,-1,-1,-1,-1,-1,-1,False,580
"94,1777",937,721,Ninguno,Ninguno,Ninguno,-1,-1,-1,-1,-1,-1,False,580
"94,2930",934,716,Ninguno,Ninguno,Ninguno,-1,-1,-1,-1,-1,-1,False,580
"94,4190",897,772,Ninguno,Ninguno,Ninguno,-1,-1,-1,-1,-1,-1,False,580
"94,5313",869,769,Ninguno,Ninguno,Ninguno,-1,-1,-1,-1,-1,-1,False,580
"94,6431",887,796,Ninguno,Ninguno,Ninguno,-1,-1,-1,-1,-1,-1,False,580
"94,7559",885,801,Ninguno,Ninguno,Ninguno,-1,-1,-1,-1,-1,-1,False,580
"94,8682",882,852,Ninguno,Ninguno,Ninguno,-1,-1,-1,-1,-1,-1,False,580
"94,9800",933,788,Ninguno,Ninguno,Ninguno,-1,-1,-1,-1,-1,-1,False,580
"95,0923",932,737,Ninguno,Ninguno,Ninguno,-1,-1,-1,-1,-1,-1,False,580
"95,2051",940,719,Ninguno,Ninguno,Ninguno,-1,-1,-1,-1,-1,-1,False,580
"95,3169",1008,534,Ninguno,Ninguno,Ninguno,-1,-1,-1,-1,-1,-1,False,580
"95,4302",1012,522,Ninguno,Ninguno,Ninguno,-1,-1,-1,-1,-1,-1,False,580
"95,5425",1000,524,Ninguno,Ninguno,Ninguno,-1,-1,-1,-1,-1,-1,False,580
"95,6538",946,489,Ninguno,Ninguno,Ninguno,-1,-1,-1,-1,-1,-1,False,580
"95,7676",953,501,Ninguno,Ninguno,Ninguno,-1,-1,-1,-1,-1,-1,False,580
"95,8950",912,564,Ninguno,Ninguno,Ninguno,-1,-1,-1,-1,-1,-1,False,580
"96,0073",941,606,Ninguno,Ninguno,Ninguno,-1,-1,-1,-1,-1,-1,False,580
"96,1196",936,601,Ninguno,Ninguno,Ninguno,-1,-1,-1,-1,-1,-1,False,580
"96,2319",958,543,Ninguno,Ninguno,Ninguno,-1,-1,-1,-1,-1,-1,False,580
"96,3442",974,501,Ninguno,Ninguno,Ninguno,-1,-1,-1,-1,-1,-1,False,580
"96,4580",811,520,Ninguno,Ninguno,Ninguno,-1,-1,-1,-1,-1,-1,False,580
"96,5859",587,418,Ninguno,Ninguno,Ninguno,-1,-1,-1,-1,-1,-1,False,580
"96,6978",729,508,Ninguno,Ninguno,Ninguno,-1,-1,-1,-1,-1,-1,False,580
"96,8106",775,519,Ninguno,Ninguno,Ninguno,-1,-1,-1,-1,-1,-1,False,580
"96,9229",785,507,Ninguno,Ninguno,Ninguno,-1,-1,-1,-1,-1,-1,False,580
"97,0508",830,477,Ninguno,Ninguno,Ninguno,-1,-1,-1,-1,-1,-1,False,580
"97,1631",1062,441,Ninguno,Ninguno,Ninguno,-1,-1,-1,-1,-1,-1,False,580
"97,2778",912,445,Ninguno,Ninguno,Ninguno,-1,-1,-1,-1,-1,-1,False,580
"97,4033",881,490,Ninguno,Ninguno,Ninguno,-1,-1,-1,-1,-1,-1,False,580
"97,5156",900,531,Ninguno,Ninguno,Ninguno,-1,-1,-1,-1,-1,-1,False,580
"97,6289",912,541,Ninguno,Ninguno,Ninguno,-1,-1,-1,-1,-1,-1,False,580
"97,7573",902,555,Ninguno,Ninguno,Ninguno,-1,-1,-1,-1,-1,-1,False,580
"97,8696",913,502,Ninguno,Ninguno,Ninguno,-1,-1,-1,-1,-1,-1,False,580
"97,9819",931,454,Ninguno,Ninguno,Ninguno,-1,-1,-1,-1,-1,-1,False,580
"98,1099",881,433,Ninguno,Ninguno,Ninguno,-1,-1,-1,-1,-1,-1,False,580
"98,2227",875,439,Ninguno,Ninguno,Ninguno,-1,-1,-1,-1,-1,-1,False,580
"98,3599",926,444,Ninguno,Ninguno,Ninguno,-1,-1,-1,-1,-1,-1,False,580
"98,4634",924,419,Ninguno,Ninguno,Ninguno,-1,-1,-1,-1,-1,-1,False,580
"98,5747",798,430,Ninguno,Ninguno,Ninguno,-1,-1,-1,-1,-1,-1,False,580
"98,7041",811,442,Ninguno,Ninguno,Ninguno,-1,-1,-1,-1,-1,-1,False,580
"98,8159",818,456,Ninguno,Ninguno,Ninguno,-1,-1,-1,-1,-1,-1,False,580
"98,9448",804,470,Ninguno,Ninguno,Ninguno,-1,-1,-1,-1,-1,-1,False,580
"99,0566",716,492,Ninguno,Ninguno,Ninguno,-1,-1,-1,-1,-1,-1,False,580
"99,1851",657,443,Ninguno,Ninguno,Ninguno,-1,-1,-1,-1,-1,-1,False,580
"99,2969",601,405,DianaObjetivo,Ninguno,Ninguno,1342,815,-1,-1,-1,-1,False,580
"99,4258",619,450,DianaObjetivo,Ninguno,Ninguno,1333,814,-1,-1,-1,-1,False,580
"99,5381",360,391,DianaObjetivo,Ninguno,Ninguno,1326,813,-1,-1,-1,-1,False,580
"99,6660",320,363,DianaObjetivo,Ninguno,Ninguno,1321,813,-1,-1,-1,-1,False,580
"99,7778",304,357,DianaObjetivo,Ninguno,Ninguno,1318,812,-1,-1,-1,-1,False,580
"99,9072",298,338,DianaObjetivo,Ninguno,Ninguno,1316,812,-1,-1,-1,-1,False,580
"100,0195",1008,472,DianaObjetivo,Ninguno,Ninguno,1315,812,-1,-1,-1,-1,False,580
"100,1479",1019,463,DianaObjetivo,Ninguno,Ninguno,1314,812,-1,-1,-1,-1,False,580
"100,2593",1055,386,DianaObjetivo,Ninguno,Ninguno,1313,811,-1,-1,-1,-1,False,580
"100,3887",827,384,DianaObjetivo,Ninguno,Ninguno,1313,811,-1,-1,-1,-1,False,580
"100,5024",1096,526,DianaObjetivo,Ninguno,Ninguno,1312,811,-1,-1,-1,-1,False,580
"100,6289",1294,712,DianaObjetivo,DianaObjetivo,Ninguno,1312,811,512,684,-1,-1,False,580
"100,7573",1335,763,DianaObjetivo,DianaObjetivo,Ninguno,1312,811,512,684,-1,-1,False,580
"100,8696",1323,771,DianaObjetivo,DianaObjetivo,Ninguno,1312,811,512,684,-1,-1,False,580
"100,9976",1324,775,DianaObjetivo,DianaObjetivo,Ninguno,1312,811,511,684,-1,-1,False,580
"101,1104",1315,770,DianaObjetivo,DianaObjetivo,Ninguno,1312,811,511,684,-1,-1,False,580
"101,2388",1316,760,DianaObjetivo,DianaObjetivo,Ninguno,1312,811,511,684,-1,-1,False,580
"101,3511",1317,762,DianaObjetivo,DianaObjetivo,Ninguno,1330,814,538,683,-1,-1,False,570
"101,4795",1317,766,Ninguno,DianaObjetivo,Ninguno,-1,-1,552,682,-1,-1,False,570
"101,6079",1318,759,Ninguno,DianaObjetivo,Ninguno,-1,-1,563,682,-1,-1,False,570
"101,7197",1322,767,Ninguno,DianaObjetivo,Ninguno,-1,-1,570,682,-1,-1,False,570
"101,8477",1325,769,Ninguno,DianaObjetivo,Ninguno,-1,-1,573,682,-1,-1,False,570
"101,9600",1225,768,DianaObjetivo,DianaObjetivo,Ninguno,923,758,576,682,-1,-1,False,570
"102,0889",861,714,DianaObjetivo,DianaObjetivo,Ninguno,924,758,578,681,-1,-1,False,570
"102,2026",855,711,DianaObjetivo,DianaObjetivo,Ninguno,925,758,579,681,-1,-1,False,570
"102,3296",612,692,DianaObjetivo,DianaObjetivo,Ninguno,925,758,580,681,-1,-1,False,570
"102,4419",601,695,DianaObjetivo,DianaObjetivo,Ninguno,925,758,580,681,-1,-1,False,570
"102,5703",493,605,DianaObjetivo,DianaObjetivo,Ninguno,925,757,581,681,-1,-1,False,570
"102,6987",571,693,DianaObjetivo,DianaObjetivo,Ninguno,926,757,581,681,-1,-1,False,570
"102,8110",547,660,DianaObjetivo,DianaObjetivo,Ninguno,926,757,581,681,-1,-1,False,570
"102,9243",569,657,DianaObjetivo,DianaObjetivo,Ninguno,926,757,581,681,-1,-1,False,570
"103,0513",597,698,DianaObjetivo,Ninguno,Ninguno,926,757,-1,-1,-1,-1,False,570
"103,1797",603,676,DianaObjetivo,Ninguno,Ninguno,926,757,-1,-1,-1,-1,False,570
"103,3745",634,687,DianaObjetivo,DianaObjetivo,Ninguno,926,757,1146,464,-1,-1,False,570
"103,4199",628,689,DianaObjetivo,DianaObjetivo,Ninguno,926,757,1146,464,-1,-1,False,570
"103,5483",809,748,DianaObjetivo,DianaObjetivo,Ninguno,926,757,1146,464,-1,-1,False,570
"103,6606",906,763,DianaObjetivo,DianaObjetivo,Ninguno,926,757,1146,464,-1,-1,False,570
"103,7891",903,772,DianaObjetivo,DianaObjetivo,Ninguno,926,757,1146,464,-1,-1,False,570
"103,9019",908,754,DianaObjetivo,DianaObjetivo,Ninguno,926,757,1146,464,-1,-1,False,570
"104,0303",920,757,DianaObjetivo,DianaObjetivo,Ninguno,926,757,1146,464,-1,-1,False,570
"104,1436",916,751,DianaObjetivo,DianaObjetivo,Ninguno,926,757,1146,464,-1,-1,False,570
"104,2705",914,754,DianaObjetivo,DianaObjetivo,Ninguno,926,757,1146,464,-1,-1,False,560
"104,3984",916,750,Ninguno,DianaObjetivo,Ninguno,-1,-1,1146,464,-1,-1,False,560
"104,5117",922,747,Ninguno,DianaObjetivo,Ninguno,-1,-1,1146,464,-1,-1,False,560
"104,7163",911,731,Ninguno,DianaObjetivo,Ninguno,-1,-1,1134,456,-1,-1,False,560
"104,7681",930,717,DianaObjetivo,DianaObjetivo,Ninguno,1345,809,1130,461,-1,-1,False,560
"104,8813",1145,487,DianaObjetivo,DianaObjetivo,Ninguno,1330,792,1120,448,-1,-1,False,560
"105,0151",1158,455,DianaObjetivo,DianaObjetivo,Ninguno,1324,787,1118,447,-1,-1,False,560
"105,1367",1159,458,DianaObjetivo,DianaObjetivo,Ninguno,1320,783,1115,445,-1,-1,False,560
"105,2490",1166,458,DianaObjetivo,DianaObjetivo,Ninguno,1317,781,1114,445,-1,-1,False,560
"105,3774",1142,465,DianaObjetivo,DianaObjetivo,Ninguno,1316,780,1113,444,-1,-1,False,560
"105,4897",1139,476,DianaObjetivo,DianaObjetivo,Ninguno,1315,779,1113,444,-1,-1,False,560
"105,6182",1060,463,DianaObjetivo,Ninguno,Ninguno,1314,778,-1,-1,-1,-1,False,560
"105,7305",1101,459,DianaObjetivo,Ninguno,Ninguno,1314,778,-1,-1,-1,-1,False,550
"105,8447",1129,454,DianaObjetivo,Ninguno,Ninguno,1313,777,-1,-1,-1,-1,False,550
"105,9731",1127,458,DianaObjetivo,Ninguno,Ninguno,1313,777,-1,-1,-1,-1,False,550
"106,0996",1264,689,DianaObjetivo,Ninguno,Ninguno,1313,777,-1,-1,-1,-1,False,550
"106,2114",1283,722,DianaObjetivo,Ninguno,Ninguno,1313,777,-1,-1,-1,-1,False,550
"106,3398",1291,745,DianaObjetivo,Ninguno,Ninguno,1313,777,-1,-1,-1,-1,False,550
"106,4521",1297,762,DianaObjetivo,Ninguno,Ninguno,1313,777,-1,-1,-1,-1,False,550
"106,5806",1302,760,DianaObjetivo,Ninguno,Ninguno,1313,777,-1,-1,-1,-1,False,550
"106,6929",1308,761,DianaObjetivo,Ninguno,Ninguno,1313,777,-1,-1,-1,-1,False,550
"106,8213",1312,758,DianaObjetivo,Ninguno,Ninguno,1313,777,-1,-1,-1,-1,False,550
"106,9331",1320,757,DianaObjetivo,Ninguno,Ninguno,1313,777,-1,-1,-1,-1,False,550
"107,0625",1316,755,Ninguno,Ninguno,Ninguno,-1,-1,-1,-1,-1,-1,False,550
"107,1738",1316,752,Ninguno,Ninguno,Ninguno,-1,-1,-1,-1,-1,-1,False,550
"107,3022",1323,751,Ninguno,Ninguno,Ninguno,-1,-1,-1,-1,-1,-1,False,550
"107,4146",1323,747,Ninguno,Ninguno,Ninguno,-1,-1,-1,-1,-1,-1,False,550
"107,5435",1325,751,Ninguno,Ninguno,Ninguno,-1,-1,-1,-1,-1,-1,False,550
"107,6558",1148,625,Ninguno,Ninguno,Ninguno,-1,-1,-1,-1,-1,-1,False,550
"107,7842",864,383,Ninguno,Ninguno,Ninguno,-1,-1,-1,-1,-1,-1,False,550
"107,9165",861,406,Ninguno,Ninguno,Ninguno,-1,-1,-1,-1,-1,-1,False,550
"108,0249",868,399,Ninguno,Ninguno,Ninguno,-1,-1,-1,-1,-1,-1,False,550
"108,1523",773,600,Ninguno,Ninguno,Ninguno,-1,-1,-1,-1,-1,-1,False,550
"108,2656",753,631,Ninguno,Ninguno,Ninguno,-1,-1,-1,-1,-1,-1,False,550
"108,3774",757,638,Ninguno,Ninguno,Ninguno,-1,-1,-1,-1,-1,-1,False,550
"108,5054",821,749,Ninguno,Ninguno,Ninguno,-1,-1,-1,-1,-1,-1,False,550
"108,6187",932,575,Ninguno,Ninguno,Ninguno,-1,-1,-1,-1,-1,-1,False,550
"108,7310",975,427,Ninguno,Ninguno,Ninguno,-1,-1,-1,-1,-1,-1,False,550
"108,8594",984,434,Ninguno,Ninguno,Ninguno,-1,-1,-1,-1,-1,-1,False,550
"108,9712",816,465,Ninguno,Ninguno,Ninguno,-1,-1,-1,-1,-1,-1,False,550
"109,1001",626,568,Ninguno,Ninguno,Ninguno,-1,-1,-1,-1,-1,-1,False,550
"109,2119",575,590,Ninguno,Ninguno,Ninguno,-1,-1,-1,-1,-1,-1,False,550
"109,3267",581,584,Ninguno,Ninguno,Ninguno,-1,-1,-1,-1,-1,-1,False,550
"109,4526",785,651,Ninguno,Ninguno,Ninguno,-1,-1,-1,-1,-1,-1,False,550
"109,5649",821,666,Ninguno,Ninguno,Ninguno,-1,-1,-1,-1,-1,-1,False,550
"109,6772",994,713,Ninguno,Ninguno,Ninguno,-1,-1,-1,-1,-1,-1,False,550
"109,7900",1003,718,Ninguno,Ninguno,Ninguno,-1,-1,-1,-1,-1,-1,False,550
"109,9312",868,512,Ninguno,Ninguno,Ninguno,-1,-1,-1,-1,-1,-1,False,550
"110,0308",851,456,Ninguno,Ninguno,Ninguno,-1,-1,-1,-1,-1,-1,False,550
"110,1426",846,448,Ninguno,Ninguno,Ninguno,-1,-1,-1,-1,-1,-1,False,550
"110,2549",839,436,Ninguno,Ninguno,Ninguno,-1,-1,-1,-1,-1,-1,False,550
"110,3833",493,413,Ninguno,Ninguno,Ninguno,-1,-1,-1,-1,-1,-1,False,550
"110,4961",453,397,Ninguno,Ninguno,Ninguno,-1,-1,-1,-1,-1,-1,False,550
"110,6089",463,401,Ninguno,Ninguno,Ninguno,-1,-1,-1,-1,-1,-1,False,550
"110,7202",884,458,Ninguno,Ninguno,Ninguno,-1,-1,-1,-1,-1,-1,False,550
"110,8330",925,432,Ninguno,Ninguno,Ninguno,-1,-1,-1,-1,-1,-1,False,550
"110,9448",937,467,Ninguno,Ninguno,Ninguno,-1,-1,-1,-1,-1,-1,False,550
"111,0581",926,429,Ninguno,Ninguno,Ninguno,-1,-1,-1,-1,-1,-1,False,550
"111,1704",1138,472,Ninguno,Ninguno,Ninguno,-1,-1,-1,-1,-1,-1,False,550
"111,2979",1174,491,Ninguno,Ninguno,Ninguno,-1,-1,-1,-1,-1,-1,False,550
"111,4102",1070,511,Ninguno,Ninguno,Ninguno,-1,-1,-1,-1,-1,-1,False,550
"111,5396",1041,499,Ninguno,Ninguno,Ninguno,-1,-1,-1,-1,-1,-1,False,550
"111,6509",1021,502,Ninguno,Ninguno,Ninguno,-1,-1,-1,-1,-1,-1,False,550
"111,7827",1009,505,Ninguno,Ninguno,Ninguno,-1,-1,-1,-1,-1,-1,False,550
"111,9077",939,500,Ninguno,Ninguno,Ninguno,-1,-1,-1,-1,-1,-1,False,550
"112,0205",1046,481,Ninguno,Ninguno,Ninguno,-1,-1,-1,-1,-1,-1,False,550
"112,1489",1018,474,Ninguno,Ninguno,Ninguno,-1,-1,-1,-1,-1,-1,False,550
"112,2773",847,439,Ninguno,Ninguno,Ninguno,-1,-1,-1,-1,-1,-1,False,550
"112,3887",893,476,Ninguno,Ninguno,Ninguno,-1,-1,-1,-1,-1,-1,False,550
"112,5181",787,445,Ninguno,Ninguno,Ninguno,-1,-1,-1,-1,-1,-1,False,550
"112,6514",773,401,DianaObjetivo,Ninguno,Ninguno,534,680,-1,-1,-1,-1,False,550
"112,7583",791,408,DianaObjetivo,Ninguno,Ninguno,549,677,-1,-1,-1,-1,False,550
"112,8862",653,341,DianaObjetivo,Ninguno,Ninguno,557,675,-1,-1,-1,-1,False,550
"113,0000",493,304,DianaObjetivo,Ninguno,Ninguno,564,674,-1,-1,-1,-1,False,550
"113,1274",437,255,DianaObjetivo,Ninguno,Ninguno,567,674,-1,-1,-1,-1,False,550
"113,2559",314,214,DianaObjetivo,Ninguno,Ninguno,570,673,-1,-1,-1,-1,False,550
"113,3677",303,205,DianaObjetivo,Ninguno,Ninguno,572,673,-1,-1,-1,-1,False,550
"113,4966",287,202,DianaObjetivo,Ninguno,Ninguno,573,672,-1,-1,-1,-1,False,550
"113,6089",273,206,DianaObjetivo,Ninguno,Ninguno,574,672,-1,-1,-1,-1,False,550
"113,7373",272,214,DianaObjetivo,Ninguno,Ninguno,574,672,-1,-1,-1,-1,False,550
"113,8647",256,233,DianaObjetivo,Ninguno,Ninguno,574,672,-1,-1,-1,-1,False,550
"113,9775",368,304,DianaObjetivo,DianaObjetivo,Ninguno,575,672,724,380,-1,-1,False,550
"114,1055",953,563,DianaObjetivo,DianaObjetivo,Ninguno,575,672,724,380,-1,-1,False,550
"114,2344",944,557,DianaObjetivo,DianaObjetivo,Ninguno,575,672,724,380,-1,-1,False,550
"114,3467",955,553,DianaObjetivo,DianaObjetivo,Ninguno,575,672,724,380,-1,-1,False,550
"114,4751",878,522,DianaObjetivo,DianaObjetivo,Ninguno,575,672,724,380,-1,-1,False,550
"114,5874",656,459,DianaObjetivo,DianaObjetivo,Ninguno,575,672,724,380,-1,-1,False,550
"114,7158",613,449,DianaObjetivo,DianaObjetivo,Ninguno,554,676,709,381,-1,-1,False,550
"114,8271",691,422,DianaObjetivo,DianaObjetivo,Ninguno,539,679,698,382,-1,-1,False,550
"114,9565",717,409,DianaObjetivo,DianaObjetivo,Ninguno,530,681,692,383,-1,-1,False,550
"115,0698",724,399,DianaObjetivo,DianaObjetivo,Ninguno,524,682,687,383,-1,-1,False,550
"115,1968",665,367,DianaObjetivo,DianaObjetivo,Ninguno,520,682,685,383,-1,-1,False,550
"115,3252",716,388,DianaObjetivo,DianaObjetivo,DianaErroena,517,683,683,384,1144,464,False,550
"115,4375",681,391,DianaObjetivo,DianaObjetivo,DianaErroena,515,683,681,384,1143,465,False,540
"115,5654",707,418,Ninguno,Ninguno,DianaErroena,-1,-1,-1,-1,1142,465,False,540
"115,6943",697,393,Ninguno,Ninguno,DianaErroena,-1,-1,-1,-1,1141,465,False,540
"115,8213",688,397,Ninguno,Ninguno,DianaErroena,-1,-1,-1,-1,1141,465,False,540
"115,9346",687,392,Ninguno,Ninguno,DianaErroena,-1,-1,-1,-1,1141,465,False,540
"116,0630",694,376,Ninguno,Ninguno,DianaErroena,-1,-1,-1,-1,1141,465,False,540
"116,1748",1030,437,Ninguno,Ninguno,DianaErroena,-1,-1,-1,-1,1141,465,False,540
"116,3037",1131,437,Ninguno,Ninguno,DianaErroena,-1,-1,-1,-1,1141,465,False,540
"116,4326",1144,404,Ninguno,Ninguno,DianaErroena,-1,-1,-1,-1,1140,465,False,540
"116,5444",1125,399,Ninguno,Ninguno,DianaErroena,-1,-1,-1,-1,1140,465,False,540
"116,6748",1146,438,DianaErroena,Ninguno,DianaErroena,921,758,-1,-1,1140,465,False,540
"116,7847",1152,451,DianaErroena,Ninguno,DianaErroena,921,758,-1,-1,1140,465,False,540
